[
  {
    "name": "theme_info",
    "theme_name": "Kalles",
    "theme_version": "4.3.8",
    "theme_author": "The4",
    "theme_documentation_url": "https:\/\/support.the4.co\/collections\/kalles-shopify-theme",
    "theme_support_url": "https:\/\/support.the4.co\/"
  },
  {
    "name": "t:settings_schema.theme_active.name",
    "settings": [
      {
        "type": "paragraph",
        "content": "Start your business journey with Kalles"
      },
      {
        "type": "text",
        "id": "purchase_code",
        "label": "t:settings_schema.theme_active.settings.purchase_code.label"
      },
      {
        "type": "paragraph",
        "content": "[Where is my purchase code](https:\/\/support.the4.co\/articles\/where-is-my-purchase-code#how-to-find-your-purchase-code)"
      },
      {
        "type": "paragraph",
        "content": "[How to import demo with one click](https:\/\/support.the4.co\/articles\/import-demo#1-one-click-demo-import-with-ecomrise)"
      },
      {
        "type": "paragraph",
        "content": "[Buy a new license](https:\/\/bit.ly\/3lST9WX)"
      },
      {
        "type": "paragraph",
        "content": "[Get EComposer Page Builder for Free (only The4 users)](https:\/\/ecomposer.app\/referral?ref=The4)"
      },
      {
        "type": "paragraph",
        "content": "[How to update with in 3 minutes](https:\/\/support.the4.co\/articles\/update-the-theme)"
      },
      {
        "type": "paragraph",
        "content": "Use Kalles and explore all the tools and services you need to start, run, and grow your business. We know that Kalles will make your life easier by improving your workflow. With the tools that Kalles gives you, you will realize your true design potential without the need to know any coding. We would be glad if you help us to improve our theme, installation process or documentation."
      }
    ]
  },
  {
    "name": "t:settings_schema.dear_customers.name",
    "settings": [
      {
        "type": "paragraph",
        "content": "[The4 Studio's](https:\/\/the4.co\/) experienced team designs impressive Shopify themes that are easy to install and customize. Start your website quickly with our dedicated support."
      },
      {
        "type": "paragraph",
        "content": "For installation help, check our [documentation](https:\/\/support.the4.co\/collections\/kalles-shopify-theme) or open a [support ticket](https:\/\/support.the4.co\/login). We love improving our themes, so please share any technical issues or suggestions. Thanks for being a customer!"
      },
      {
        "type": "paragraph",
        "content": "Enjoy exclusive offers from our growing network of partners! See the list of [offers here](https:\/\/support.the4.co\/user\/earnings) (need login to our support system)."
      },
      {
        "type": "paragraph",
        "content": "For expert custom development at an affordable cost, [contact The4](https:\/\/the4.co\/pages\/contact-us)."
      }
    ]
  },
  {
    "name": "t:settings_schema.recommend_apps.name",
    "settings": [
      {
        "type": "header",
        "content": "Page Builder"
      },
      {
        "type": "paragraph",
        "content": "[EComposer - 6 Months FREE for The4 users](https:\/\/apps.shopify.com\/ecomposer?utm_medium=theme-setting&utm_source=the4-intheme&utm_content=recommend-app)[(Learn more)](https:\/\/ecomposer.io\/pages\/theme-partners )"
      },
      {
        "type": "paragraph",
        "content": "[EcomRise - 6 Months FREE for The4 users](https:\/\/apps.shopify.com\/ecomrise?utm_source=the4-kalles&utm_medium=intheme&utm_content=recommend-apps)[(Learn more)](https:\/\/ecomrise.com\/pages\/theme-partners )"
      },
      {
        "type": "header",
        "content": "SEO"
      },
      {
        "type": "paragraph",
        "content": "[AVADA SEO](https:\/\/apps.shopify.com\/avada-seo-suite?utm_source=The4&utm_medium=inapp&utm_campaign=partnership), [SearchPie](https:\/\/partners.secomapp.com\/apps\/searchpie\/EcomElite), [SEO Ant](https:\/\/share.channelwill.com\/app\/1165e92fbeba994PdM), [TinyIMG](https:\/\/tiny-img.com\/?ref=henry)"
      },
      {
        "type": "header",
        "content": "Product Reviews"
      },
      {
        "type": "paragraph",
        "content": "[Ryviu](https:\/\/www.ryviu.com\/?rel=3in5hrqs), [Loox](https:\/\/loox.io\/app\/The4), [Growave](https:\/\/www.growave.io\/r?ref=henry_pham), [LAI](https:\/\/partners.smartifyapps.com\/apps\/lai_reviews\/the4), [Stamped.io](https:\/\/get.stamped.io\/m8cdram862h3), [Trustoo](https:\/\/share.channelwill.com\/app\/2165e92fbebcb27Ava), [Fera](https:\/\/www.fera.ai?r=ecomelite)"
      },
      {
        "type": "header",
        "content": "Marketing & Upsell"
      },
      {
        "type": "paragraph",
        "content": "[EcomRise](https:\/\/apps.shopify.com\/ecomrise?utm_source=the4-kalles&utm_medium=intheme&utm_content=recommend-apps), [Vitals](https:\/\/vitals.co\/shopify\/10250920), [Selleasy](https:\/\/platform.shoffi.app\/r\/rl_51tG2Zjt), [Candy Rack](https:\/\/app.partnerjam.com\/install?key=04a19cd7-9ab0-4637-adf0-8bd14e743c80), [Kaching Bundles ](https:\/\/platform.shoffi.app\/r\/rl_Z6Tg36Lx)"
      },
      {
        "type": "header",
        "content": "UX, UI"
      },
      {
        "type": "paragraph",
        "content": "[Boost Commerce](https:\/\/boostcommerce.net?utm_source=henry64), [SoBooster](https:\/\/usf.sobooster.com\/affiliate?refcode=48865bfb-10b0-46cc-9239-6af710fb69a7&targeturl=https%3a%2f%2fapps.shopify.com%2fultimate-search-and-filter-1), [Weglot](https:\/\/weglot.com\/?fp_ref=khang-25), [HeyCarson](https:\/\/heycarson.com\/ambassadors\/?ref=the4studio)"
      },
      {
        "type": "header",
        "content": "Manage Orders"
      },
      {
        "type": "paragraph",
        "content": "[Parcel Pannel](https:\/\/parcelpanel.com?ref=79QXxUbs), [Dropshipman](https:\/\/api-affiliate.dropshipman.com\/?ref=dc45f331), [Track123 ](https:\/\/platform.shoffi.app\/r\/rl_97IoZnVP), [Appstle Subscription](https:\/\/subscription-admin.appstle.com\/affiliates?fpr=henry46)"
      },
      {
        "type": "header",
        "content": "Affiliate & Loyalty"
      },
      {
        "type": "paragraph",
        "content": "[UpPromote](https:\/\/partners.secomapp.com\/apps\/affiliate\/EcomElite), [Referral candy](https:\/\/my.referralcandy.com\/signup?utm_source=first_promoter&utm_medium=first_promoter&utm_campaign=affiliate_program&ref=henry84), [BON Loyalty](https:\/\/partners.smartifyapps.com\/apps\/bon_loyalty\/the4), [Growave](https://www.growave.io/r?ref=henry_pham)"
      }
    ]
  },
  {
    "name": "t:settings_schema.layout.name",
    "settings": [
      {
        "type": "header",
        "content": "t:settings_schema.layout.settings.animations_header.content"
      },
      {
        "type": "checkbox",
        "id": "animations_reveal_on_scroll",
        "label": "t:settings_schema.layout.settings.animations_reveal_on_scroll.label",
        "default": true
      },
      {
        "type": "paragraph",
        "content": "t:settings_schema.layout.settings.animations_paragraph.content"
      },
      {
        "type": "header",
        "content": "t:settings_schema.layout.settings.site_width_header.content"
      },
      {
        "type": "select",
        "id": "general_layout",
        "options": [
          {
            "value": "full_width",
            "label": "t:settings_schema.layout.settings.general_layout.options.full_width"
          },
          {
            "value": "boxed",
            "label": "t:settings_schema.layout.settings.general_layout.options.boxed"
          },
          {
            "value": "contentFull",
            "label": "t:settings_schema.layout.settings.general_layout.options.contentFull"
          },
          {
            "value": "wide",
            "label": "t:settings_schema.layout.settings.general_layout.options.wide"
          },
          {
            "value": "custom",
            "label": "t:settings_schema.layout.settings.general_layout.options.custom"
          }
        ],
        "label": "t:settings_schema.layout.settings.general_layout.label",
        "default": "full_width",
        "info": "t:settings_schema.layout.settings.general_layout.info"
      },
      {
        "type": "range",
        "id": "cus_w_bd",
        "min": 1200,
        "max": 1700,
        "step": 5,
        "unit": "px",
        "label": "t:settings_schema.layout.settings.cus_w_bd.label",
        "info": "t:settings_schema.layout.settings.cus_w_bd.info",
        "default": 1420
      },
      {
        "type": "header",
        "content": "t:settings_schema.layout.settings.site_background_header.content"
      },
      {
        "type": "color",
        "id": "body_bg",
        "label": "t:settings_schema.layout.settings.body_bg.label",
        "default": "#fff"
      },
      {
        "type": "image_picker",
        "id": "body_bg_image",
        "label": "t:settings_schema.layout.settings.body_bg_image.label",
        "info": "t:settings_schema.layout.settings.body_bg_image.info"
      },
      {
        "type": "select",
        "id": "body_bg_repeat",
        "options": [
          {
            "value": "default",
            "label": "t:settings_schema.layout.settings.body_bg_repeat.options.default"
          },
          {
            "value": "no-repeat",
            "label": "t:settings_schema.layout.settings.body_bg_repeat.options.no-repeat"
          },
          {
            "value": "repeat",
            "label": "t:settings_schema.layout.settings.body_bg_repeat.options.repeat"
          },
          {
            "value": "repeat-x",
            "label": "t:settings_schema.layout.settings.body_bg_repeat.options.repeat-x"
          },
          {
            "value": "repeat-y",
            "label": "t:settings_schema.layout.settings.body_bg_repeat.options.repeat-y"
          },
          {
            "value": "inherit",
            "label": "t:settings_schema.layout.settings.body_bg_repeat.options.inherit"
          }
        ],
        "label": "t:settings_schema.layout.settings.body_bg_repeat.label",
        "default": "default"
      },
      {
        "type": "select",
        "id": "body_bg_size",
        "options": [
          {
            "value": "default",
            "label": "t:settings_schema.layout.settings.body_bg_size.options.default"
          },
          {
            "value": "inherit",
            "label": "t:settings_schema.layout.settings.body_bg_size.options.inherit"
          },
          {
            "value": "cover",
            "label": "t:settings_schema.layout.settings.body_bg_size.options.cover"
          },
          {
            "value": "contain",
            "label": "t:settings_schema.layout.settings.body_bg_size.options.contain"
          }
        ],
        "label": "t:settings_schema.layout.settings.body_bg_size.label",
        "default": "default"
      },
      {
        "type": "select",
        "id": "body_bg_attachment",
        "options": [
          {
            "value": "default",
            "label": "t:settings_schema.layout.settings.body_bg_attachment.options.default"
          },
          {
            "value": "fixed",
            "label": "t:settings_schema.layout.settings.body_bg_attachment.options.fixed"
          },
          {
            "value": "scroll",
            "label": "t:settings_schema.layout.settings.body_bg_attachment.options.scroll"
          },
          {
            "value": "inherit",
            "label": "t:settings_schema.layout.settings.body_bg_attachment.options.inherit"
          }
        ],
        "label": "t:settings_schema.layout.settings.body_bg_attachment.label",
        "default": "default"
      },
      {
        "type": "select",
        "id": "body_bg_position",
        "options": [
          {
            "value": "default",
            "label": "t:settings_schema.layout.settings.body_bg_position.options.default"
          },
          {
            "value": "left top",
            "label": "t:settings_schema.layout.settings.body_bg_position.options.left_top"
          },
          {
            "value": "left center",
            "label": "t:settings_schema.layout.settings.body_bg_position.options.left_center"
          },
          {
            "value": "left bottom",
            "label": "t:settings_schema.layout.settings.body_bg_position.options.left_bottom"
          },
          {
            "value": "center_ op",
            "label": "t:settings_schema.layout.settings.body_bg_position.options.center_top"
          },
          {
            "value": "center center",
            "label": "t:settings_schema.layout.settings.body_bg_position.options.center_center"
          },
          {
            "value": "center bottom",
            "label": "t:settings_schema.layout.settings.body_bg_position.options.center_bottom"
          }
        ],
        "label": "t:settings_schema.layout.settings.body_bg_position.label",
        "default": "default"
      }
    ]
  },
  {
    "name": "t:settings_schema.general.name",
    "settings": [
      {
        "type": "header",
        "content": "t:settings_schema.general.settings.meta_keywords_header.content"
      },
      {
        "type": "textarea",
        "id": "home_keywords",
        "label": "t:settings_schema.general.settings.home_keywords.label",
        "default": "Kalles shopify, Fastest, Ajax Shop, Minimal, Lazyload",
        "info": "t:settings_schema.general.settings.home_keywords.info"
      },
      {
        "type": "text",
        "id": "shop_author",
        "label": "t:settings_schema.general.settings.shop_author.label",
        "default": "The4",
        "info": "t:settings_schema.general.settings.shop_author.info"
      },
      {
        "type": "header",
        "content": "t:settings_schema.general.settings.shop_header.content"
      },
      {
        "type": "text",
        "id": "global_acc",
        "label": "t:settings_schema.general.settings.global_acc.label"
      },
      {
        "type": "paragraph",
        "content": "t:settings_schema.general.settings.global_acc_note.content"
      },
      {
        "type": "select",
        "id": "use_rtl",
        "label": "t:settings_schema.general.settings.use_rtl.label",
        "default": "3",
        "options": [
          {
            "value": "0",
            "label": "t:settings_schema.general.settings.use_rtl.options.disable"
          },
          {
            "value": "1",
            "label": "t:settings_schema.general.settings.use_rtl.options.enable"
          },
          {
            "value": "3",
            "label": "t:settings_schema.general.settings.use_rtl.options.default_list"
          },
          {
            "value": "2",
            "label": "t:settings_schema.general.settings.use_rtl.options.custom_list"
          }
        ]
      },
      {
        "type": "textarea",
        "id": "list_rtl",
        "label": "t:settings_schema.general.settings.list_rtl.label",
        "default": "ar; ha; he; ur; ug",
        "info": "t:settings_schema.general.settings.list_rtl.info"
      },
      {
        "type": "paragraph",
        "content": "t:settings_schema.general.settings.rtl_codes.content"
      },
      {
        "type": "header",
        "content": "t:settings_schema.general.settings.email_marketing_header.content"
      },
      {
        "type": "radio",
        "id": "platform_email",
        "label": "t:settings_schema.general.settings.platform_email.label",
        "default": "1",
        "options": [
          {
            "value": "1",
            "label": "t:settings_schema.general.settings.platform_email.options.default"
          },
          {
            "value": "2",
            "label": "t:settings_schema.general.settings.platform_email.options.omnisend"
          },
          {
            "value": "3",
            "label": "t:settings_schema.general.settings.platform_email.options.klaviyo"
          },
          {
            "value": "4",
            "label": "t:settings_schema.general.settings.platform_email.options.mailchimp"
          }
        ]
      },
      {
        "type": "paragraph",
        "content": "t:settings_schema.general.settings.default_email_note.content"
      },
      {
        "type": "paragraph",
        "content": "t:settings_schema.general.settings.klaviyo_header.content"
      },
      {
        "type": "text",
        "id": "klaviyo_list_id",
        "label": "t:settings_schema.general.settings.klaviyo_list_id.label"
      },
      {
        "type": "checkbox",
        "id": "ajax_klaviyo",
        "label": "t:settings_schema.general.settings.ajax_klaviyo.label",
        "default": true
      },
      {
        "type": "paragraph",
        "content": "t:settings_schema.general.settings.mailchimp_header.content"
      },
      {
        "type": "text",
        "id": "action_mailchimp",
        "label": "t:settings_schema.general.settings.action_mailchimp.label"
      },
      {
        "type": "checkbox",
        "id": "ajax_mailChimp",
        "label": "t:settings_schema.general.settings.ajax_mailChimp.label",
        "default": true
      },
      {
        "type": "paragraph",
        "content": "t:settings_schema.general.settings.agree_checkbox_header.content"
      },
      {
        "type": "checkbox",
        "id": "checkbox_mail",
        "label": "t:settings_schema.general.settings.checkbox_mail.label",
        "info": "t:settings_schema.general.settings.checkbox_mail.info",
        "default": false
      },
      {
        "type": "url",
        "id": "link_mail",
        "label": "t:settings_schema.general.settings.link_mail.label"
      },
      {
        "type": "header",
        "content": "t:settings_schema.general.settings.aspect_ratio_header.content"
      },
      {
        "type": "image_picker",
        "id": "c_1",
        "label": "t:settings_schema.general.settings.c_1.label"
      },
      {
        "type": "image_picker",
        "id": "c_2",
        "label": "t:settings_schema.general.settings.c_2.label"
      },
      {
        "type": "image_picker",
        "id": "c_3",
        "label": "t:settings_schema.general.settings.c_3.label"
      },
      {
        "type": "image_picker",
        "id": "c_4",
        "label": "t:settings_schema.general.settings.c_4.label"
      },
      {
        "type": "header",
        "content": "t:settings_schema.general.settings.countdown_timezone_header.content",
        "info": "t:settings_schema.general.settings.countdown_timezone_header.info"
      },
      {
        "type": "text",
        "id": "timezone",
        "label": "t:settings_schema.general.settings.timezone.label",
        "placeholder": "America/Chicago",
        "info": "t:settings_schema.general.settings.timezone.info"
      }
    ]
  },
  {
    "name": "t:settings_schema.header.name",
    "settings": [
      {
        "type": "select",
        "id": "header_design",
        "options": [
          {
            "value": "inline",
            "label": "t:settings_schema.header.settings.header_design.options.inline"
          },
          {
            "value": "sidebar",
            "label": "t:settings_schema.header.settings.header_design.options.sidebar"
          },
          {
            "value": "categories",
            "label": "t:settings_schema.header.settings.header_design.options.categories"
          },
          {
            "value": "bottom",
            "label": "t:settings_schema.header.settings.header_design.options.bottom"
          },
          {
            "value": "vertical",
            "label": "t:settings_schema.header.settings.header_design.options.vertical"
          }
        ],
        "label": "t:settings_schema.header.settings.header_design.label",
        "default": "inline"
      },
      {
        "type": "header",
        "content": "t:settings_schema.header.settings.logo_header.content"
      },
      {
        "type": "text",
        "id": "logo_svg",
        "label": "t:settings_schema.header.settings.logo_svg.label",
        "info": "t:settings_schema.header.settings.logo_svg.info"
      },
      {
        "type": "image_picker",
        "id": "logo",
        "label": "t:settings_schema.header.settings.logo.label",
        "info": "t:settings_schema.header.settings.logo.info"
      },
      {
        "type": "range",
        "id": "logo_width",
        "label": "t:settings_schema.header.settings.logo_width.label",
        "min": 50,
        "max": 350,
        "step": 5,
        "unit": "px",
        "default": 100
      },
      {
        "type": "header",
        "content": "t:settings_schema.header.settings.logo_sticky_header.content"
      },
      {
        "type": "image_picker",
        "id": "logos",
        "label": "t:settings_schema.header.settings.logos.label",
        "info": "t:settings_schema.header.settings.logos.info"
      },
      {
        "type": "range",
        "id": "logos_width",
        "label": "t:settings_schema.header.settings.logos_width.label",
        "min": 50,
        "max": 350,
        "step": 5,
        "unit": "px",
        "default": 100
      },
      {
        "type": "header",
        "content": "t:settings_schema.header.settings.logo_mobile_header.content"
      },
      {
        "type": "image_picker",
        "id": "logo_mb",
        "label": "t:settings_schema.header.settings.logo_mb.label",
        "info": "t:settings_schema.header.settings.logo_mb.info"
      },
      {
        "type": "range",
        "id": "logo_mb_width",
        "label": "t:settings_schema.header.settings.logo_mb_width.label",
        "min": 50,
        "max": 350,
        "step": 5,
        "unit": "px",
        "default": 100
      },
      {
        "type": "header",
        "content": "t:settings_schema.header.settings.logo_transparent_header.content"
      },
      {
        "type": "paragraph",
        "content": "t:settings_schema.header.settings.logo_transparent_tip.content"
      },
      {
        "type": "text",
        "id": "logo_tr_svg",
        "label": "t:settings_schema.header.settings.logo_tr_svg.label",
        "info": "t:settings_schema.header.settings.logo_tr_svg.info"
      },
      {
        "type": "image_picker",
        "id": "logo_tr",
        "label": "t:settings_schema.header.settings.logo_tr.label",
        "info": "t:settings_schema.header.settings.logo_tr.info"
      },
      {
        "type": "range",
        "id": "logo_tr_width",
        "label": "t:settings_schema.header.settings.logo_tr_width.label",
        "min": 50,
        "max": 350,
        "step": 5,
        "unit": "px",
        "default": 100
      },
      {
        "type": "header",
        "content": "t:settings_schema.header.settings.header_mobile_header.content"
      },
      {
        "type": "select",
        "id": "mobile_nav_type",
        "options": [
          {
            "value": "1",
            "label": "t:settings_schema.header.settings.mobile_nav_type.options.mobile_only"
          },
          {
            "value": "2",
            "label": "t:settings_schema.header.settings.mobile_nav_type.options.categories_only"
          },
          {
            "value": "3",
            "label": "t:settings_schema.header.settings.mobile_nav_type.options.mobile_categories"
          },
          {
            "value": "4",
            "label": "t:settings_schema.header.settings.mobile_nav_type.options.categories_mobile"
          }
        ],
        "label": "t:settings_schema.header.settings.mobile_nav_type.label",
        "default": "3"
      },
      {
        "type": "checkbox",
        "id": "only_icon",
        "label": "t:settings_schema.header.settings.only_icon.label",
        "info": "t:settings_schema.header.settings.only_icon.info",
        "default": false
      }
    ]
  },
  {
    "name": "t:settings_schema.colors.name",
    "settings": [
      {
        "type": "header",
        "content": "t:settings_schema.colors.settings.general_header.content"
      },
      {
        "type": "color",
        "id": "heading_color",
        "label": "t:settings_schema.colors.settings.heading_color.label",
        "default": "#222222"
      },
      {
        "type": "color",
        "id": "text_color",
        "label": "t:settings_schema.colors.settings.text_color.label",
        "default": "#878787"
      },
      {
        "type": "color",
        "id": "accent_color",
        "label": "t:settings_schema.colors.settings.accent_color.label",
        "default": "#56cfe1"
      },
      {
        "type": "color",
        "id": "secondary_color",
        "label": "t:settings_schema.colors.settings.secondary_color.label",
        "default": "#222"
      },
      {
        "type": "color",
        "id": "border_color",
        "label": "t:settings_schema.colors.settings.border_color.label",
        "default": "#ddd"
      },
      {
        "type": "color",
        "id": "border_primary_color",
        "label": "t:settings_schema.colors.settings.border_primary_color.label",
        "default": "#333"
      },
      {
        "type": "color",
        "id": "price_primary",
        "label": "t:settings_schema.colors.settings.price_primary.label",
        "default": "#ec0101"
      },
      {
        "type": "color",
        "id": "price_secondary",
        "label": "t:settings_schema.colors.settings.price_secondary.label",
        "default": "#878787"
      },
      {
        "type": "header",
        "content": "t:settings_schema.colors.settings.links_buttons_header.content"
      },
      {
        "type": "color",
        "id": "link_color",
        "label": "t:settings_schema.colors.settings.link_color.label",
        "default": "#878787"
      },
      {
        "type": "color",
        "id": "link_color_hover",
        "label": "t:settings_schema.colors.settings.link_color_hover.label",
        "default": "#56cfe1"
      },
      {
        "type": "color",
        "id": "btn_bg",
        "label": "t:settings_schema.colors.settings.btn_bg.label",
        "default": "#222"
      },
      {
        "type": "color",
        "id": "btn_color",
        "label": "t:settings_schema.colors.settings.btn_color.label",
        "default": "#fff"
      },
      {
        "type": "header",
        "content": "t:settings_schema.colors.settings.lazyload_icon_header.content"
      },
      {
        "type": "color",
        "id": "cl_lazyload",
        "label": "t:settings_schema.colors.settings.cl_lazyload.label",
        "default": "#56cfe1"
      },
      {
        "type": "color",
        "id": "bg_lazyload",
        "label": "t:settings_schema.colors.settings.bg_lazyload.label",
        "default": "#f5f5f5"
      },
      {
        "type": "paragraph",
        "content": "t:settings_schema.colors.settings.separator.content"
      },
      {
        "type": "checkbox",
        "id": "use_cus_lz",
        "label": "t:settings_schema.colors.settings.use_cus_lz.label",
        "default": false
      },
      {
        "type": "image_picker",
        "id": "cus_lz",
        "label": "t:settings_schema.colors.settings.cus_lz.label",
        "info": "t:settings_schema.colors.settings.cus_lz.info"
      },
      {
        "type": "range",
        "id": "size_cus_lz",
        "min": 30,
        "max": 300,
        "step": 10,
        "unit": "px",
        "label": "t:settings_schema.colors.settings.size_cus_lz.label",
        "default": 60
      },
      {
        "type": "header",
        "content": "t:settings_schema.colors.settings.tooltip_header.content"
      },
      {
        "type": "color",
        "id": "bg_tooltip",
        "label": "t:settings_schema.colors.settings.bg_tooltip.label",
        "default": "#383838"
      },
      {
        "type": "color",
        "id": "cl_tooltip",
        "label": "t:settings_schema.colors.settings.cl_tooltip.label",
        "default": "#fff"
      },
      {
        "type": "header",
        "content": "t:settings_schema.colors.settings.swatch_product_header.content"
      },
      {
        "type": "color",
        "id": "sw_primary",
        "label": "t:settings_schema.colors.settings.sw_primary.label",
        "default": "#333"
      },
      {
        "type": "color",
        "id": "sw_secondary",
        "label": "t:settings_schema.colors.settings.sw_secondary.label",
        "default": "#878787"
      },
      {
        "type": "color",
        "id": "sw_border",
        "label": "t:settings_schema.colors.settings.sw_border.label",
        "default": "#ddd"
      }
    ]
  },
  {
    "name": "t:settings_schema.typography.name",
    "settings": [
      {
        "type": "header",
        "content": "t:settings_schema.typography.settings.font_source_header.content"
      },
      {
        "type": "select",
        "id": "font_source",
        "options": [
          {
            "value": "1",
            "label": "t:settings_schema.typography.settings.font_source.options.shopify"
          },
          {
            "value": "2",
            "label": "t:settings_schema.typography.settings.font_source.options.google"
          }
        ],
        "label": "t:settings_schema.typography.settings.font_source.label"
      },
      {
        "type": "paragraph",
        "content": "t:settings_schema.typography.settings.shopify_font_info.content",
        "visible_if": "{{ settings.font_source == '1' }}"
      },
      {
        "type": "font_picker",
        "id": "fnt_fm_sp1",
        "label": "t:settings_schema.typography.settings.fnt_fm_sp1.label",
        "default": "poppins_n4",
        "visible_if": "{{ settings.font_source == '1' }}"
      },
      {
        "type": "font_picker",
        "id": "fnt_fm_sp2",
        "label": "t:settings_schema.typography.settings.fnt_fm_sp2.label",
        "default": "poppins_n4",
        "visible_if": "{{ settings.font_source == '1' }}"
      },
      {
        "type": "font_picker",
        "id": "fnt_fm_sp3",
        "label": "t:settings_schema.typography.settings.fnt_fm_sp3.label",
        "default": "poppins_n4",
        "visible_if": "{{ settings.font_source == '1' }}"
      },
      {
        "type": "text",
        "id": "fnt_fm_gg1",
        "label": "t:settings_schema.typography.settings.fnt_fm_gg1.label",
        "default": "Poppins",
        "visible_if": "{{ settings.font_source == '2' }}"
      },
      {
        "type": "text",
        "id": "fnt_fm_gg2",
        "label": "t:settings_schema.typography.settings.fnt_fm_gg2.label",
        "default": "Poppins",
        "visible_if": "{{ settings.font_source == '2' }}"
      },
      {
        "type": "text",
        "id": "fnt_fm_gg3",
        "label": "t:settings_schema.typography.settings.fnt_fm_gg3.label",
        "default": "Poppins",
        "visible_if": "{{ settings.font_source == '2' }}"
      },
      {
        "type": "header",
        "content": "t:settings_schema.typography.settings.body_font_header.content"
      },
      {
        "type": "select",
        "id": "bd_ffamily",
        "label": "t:settings_schema.typography.settings.bd_ffamily.label",
        "default": "1",
        "options": [
          {
            "value": "1",
            "label": "t:settings_schema.typography.settings.bd_ffamily.options.font1"
          },
          {
            "value": "2",
            "label": "t:settings_schema.typography.settings.bd_ffamily.options.font2"
          },
          {
            "value": "3",
            "label": "t:settings_schema.typography.settings.bd_ffamily.options.font3"
          }
        ]
      },
      {
        "type": "range",
        "id": "bd_fsize",
        "min": 10,
        "max": 20,
        "step": 0.5,
        "label": "t:settings_schema.typography.settings.bd_fsize.label",
        "unit": "px",
        "default": 14
      },
      {
        "type": "range",
        "id": "bd_fweight",
        "min": 100,
        "max": 900,
        "step": 100,
        "label": "t:settings_schema.typography.settings.bd_fweight.label",
        "default": 400
      },
      {
        "type": "range",
        "id": "bd_lheight",
        "label": "t:settings_schema.typography.settings.bd_lheight.label",
        "default": 1.7,
        "min": 1,
        "max": 2,
        "step": 0.1
      },
      {
        "type": "number",
        "id": "bd_lspacing",
        "label": "t:settings_schema.typography.settings.bd_lspacing.label",
        "info": "t:settings_schema.typography.settings.bd_lspacing.info",
        "default": 0
      },
      {
        "type": "header",
        "content": "t:settings_schema.typography.settings.heading_font_header.content"
      },
      {
        "type": "select",
        "id": "hd_ffamily",
        "label": "t:settings_schema.typography.settings.hd_ffamily.label",
        "default": "2",
        "options": [
          {
            "value": "1",
            "label": "t:settings_schema.typography.settings.hd_ffamily.options.font1"
          },
          {
            "value": "2",
            "label": "t:settings_schema.typography.settings.hd_ffamily.options.font2"
          },
          {
            "value": "3",
            "label": "t:settings_schema.typography.settings.hd_ffamily.options.font3"
          }
        ]
      },
      {
        "type": "range",
        "id": "fs_h1",
        "min": 0,
        "max": 50,
        "step": 0.5,
        "label": "t:settings_schema.typography.settings.fs_h1.label",
        "unit": "px",
        "default": 37
      },
      {
        "type": "range",
        "id": "fs_h2",
        "min": 0,
        "max": 50,
        "step": 0.5,
        "label": "t:settings_schema.typography.settings.fs_h2.label",
        "unit": "px",
        "default": 29
      },
      {
        "type": "range",
        "id": "fs_h3",
        "min": 0,
        "max": 50,
        "step": 0.5,
        "label": "t:settings_schema.typography.settings.fs_h3.label",
        "unit": "px",
        "default": 23
      },
      {
        "type": "range",
        "id": "fs_h4",
        "min": 0,
        "max": 50,
        "step": 0.5,
        "label": "t:settings_schema.typography.settings.fs_h4.label",
        "unit": "px",
        "default": 18
      },
      {
        "type": "range",
        "id": "fs_h5",
        "min": 1,
        "max": 50,
        "step": 0.5,
        "label": "t:settings_schema.typography.settings.fs_h5.label",
        "unit": "px",
        "default": 17
      },
      {
        "type": "range",
        "id": "fs_h6",
        "min": 1,
        "max": 50,
        "step": 0.5,
        "label": "t:settings_schema.typography.settings.fs_h6.label",
        "unit": "px",
        "default": 15.5
      },
      {
        "type": "range",
        "id": "hd_fweight",
        "min": 300,
        "max": 800,
        "step": 100,
        "label": "t:settings_schema.typography.settings.hd_fweight.label",
        "default": 600
      },
      {
        "type": "range",
        "id": "hd_lheight",
        "label": "t:settings_schema.typography.settings.hd_lheight.label",
        "default": 1.4,
        "min": 1,
        "max": 2,
        "step": 0.1
      },
      {
        "type": "number",
        "id": "hd_lspacing",
        "label": "t:settings_schema.typography.settings.hd_lspacing.label",
        "info": "t:settings_schema.typography.settings.hd_lspacing.info",
        "default": 0
      },
      {
        "type": "paragraph",
        "content": "t:settings_schema.typography.settings.custom_font_info.content"
      }
    ]
  },
  {
    "name": "t:settings_schema.general_product.name",
    "settings": [
      {
        "type": "checkbox",
        "id": "atc_ajax_enable",
        "label": "t:settings_schema.general_product.settings.atc_ajax_enable.label",
        "default": true
      },
      {
        "type": "checkbox",
        "id": "only_price_varies_stock",
        "label": "t:settings_schema.general_product.settings.only_price_varies_stock.label",
        "default": false
      },
      {
        "type": "header",
        "content": "t:settings_schema.general_product.settings.wishlist_header.content"
      },
      {
        "type": "radio",
        "id": "wishlist_mode",
        "options": [
          {
            "value": "0",
            "label": "t:settings_schema.general_product.settings.wishlist_mode.options.disable"
          },
          {
            "value": "1",
            "label": "t:settings_schema.general_product.settings.wishlist_mode.options.local"
          },
          {
            "value": "2",
            "label": "t:settings_schema.general_product.settings.wishlist_mode.options.account"
          },
          {
            "value": "3",
            "label": "t:settings_schema.general_product.settings.wishlist_mode.options.growave"
          }
        ],
        "label": "t:settings_schema.general_product.settings.wishlist_mode.label",
        "default": "1"
      },
      {
        "type": "checkbox",
        "id": "enable_css_wis",
        "label": "t:settings_schema.general_product.settings.enable_css_wis.label",
        "default": true
      },
      {
        "type": "select",
        "id": "wis_atc_added",
        "options": [
          {
            "value": "1",
            "label": "t:settings_schema.general_product.settings.wis_atc_added.options.go_to_page"
          },
          {
            "value": "2",
            "label": "t:settings_schema.general_product.settings.wis_atc_added.options.remove"
          }
        ],
        "label": "t:settings_schema.general_product.settings.wis_atc_added.label",
        "default": "1"
      },
      {
        "type": "header",
        "content": "t:settings_schema.general_product.settings.compare_header.content"
      },
      {
        "type": "checkbox",
        "id": "enable_compe",
        "label": "t:settings_schema.general_product.settings.enable_compe.label",
        "info": "t:settings_schema.general_product.settings.enable_compe.info",
        "default": false
      },
      {
        "type": "header",
        "content": "t:settings_schema.general_product.settings.reviews_header.content"
      },
      {
        "type": "radio",
        "id": "app_review",
        "options": [
          {
            "value": "2",
            "label": "t:settings_schema.general_product.settings.app_review.options.ryviu"
          },
          {
            "value": "4",
            "label": "t:settings_schema.general_product.settings.app_review.options.loox"
          },
          {
            "value": "5",
            "label": "t:settings_schema.general_product.settings.app_review.options.growave"
          },
          {
            "value": "8",
            "label": "t:settings_schema.general_product.settings.app_review.options.lai"
          },
          {
            "value": "6",
            "label": "t:settings_schema.general_product.settings.app_review.options.other"
          }
        ],
        "label": "t:settings_schema.general_product.settings.app_review.label",
        "default": "6"
      },
      {
        "type": "header",
        "content": "t:settings_schema.general_product.settings.badges_header.content"
      },
      {
        "type": "select",
        "id": "badge_shape",
        "options": [
          {
            "value": "1",
            "label": "t:settings_schema.general_product.settings.badge_shape.options.rounded"
          },
          {
            "value": "2",
            "label": "t:settings_schema.general_product.settings.badge_shape.options.rectangular"
          },
          {
            "value": "3",
            "label": "t:settings_schema.general_product.settings.badge_shape.options.slight_round"
          },
          {
            "value": "4",
            "label": "t:settings_schema.general_product.settings.badge_shape.options.circle"
          }
        ],
        "label": "t:settings_schema.general_product.settings.badge_shape.label",
        "default": "2"
      },
      {
        "type": "checkbox",
        "id": "use_sale_badge",
        "label": "t:settings_schema.general_product.settings.use_sale_badge.label",
        "default": true
      },
      {
        "type": "select",
        "id": "label_sale_style",
        "options": [
          {
            "value": "1",
            "label": "t:settings_schema.general_product.settings.label_sale_style.options.text"
          },
          {
            "value": "2",
            "label": "t:settings_schema.general_product.settings.label_sale_style.options.percentage"
          }
        ],
        "label": "t:settings_schema.general_product.settings.label_sale_style.label",
        "default": "1"
      },
      {
        "type": "checkbox",
        "id": "use_new_badge",
        "label": "t:settings_schema.general_product.settings.use_new_badge.label",
        "default": true
      },
      {
        "type": "range",
        "id": "new_day_added",
        "min": 1,
        "max": 60,
        "step": 1,
        "unit": "day",
        "label": "t:settings_schema.general_product.settings.new_day_added.label",
        "default": 10
      },
      {
        "type": "checkbox",
        "id": "use_soldout_badge",
        "label": "t:settings_schema.general_product.settings.use_soldout_badge.label",
        "default": true
      },
      {
        "type": "checkbox",
        "id": "use_preorder_badge",
        "label": "t:settings_schema.general_product.settings.use_preorder_badge.label",
        "default": true
      },
      {
        "type": "checkbox",
        "id": "use_custom_badge",
        "label": "t:settings_schema.general_product.settings.use_custom_badge.label",
        "default": true,
        "info": "t:settings_schema.general_product.settings.use_custom_badge.info"
      },
      {
        "type": "paragraph",
        "content": "t:settings_schema.general_product.settings.badge_colors_paragraph.content"
      },
      {
        "type": "color",
        "id": "sale_badge_color",
        "label": "t:settings_schema.general_product.settings.sale_badge_color.label",
        "default": "#ff4e00"
      },
      {
        "type": "color",
        "id": "new_badge_color",
        "label": "t:settings_schema.general_product.settings.new_badge_color.label",
        "default": "#109533"
      },
      {
        "type": "color",
        "id": "preorder_badge_color",
        "label": "t:settings_schema.general_product.settings.preorder_badge_color.label",
        "default": "#0774d7"
      },
      {
        "type": "color",
        "id": "soldout_badge_color",
        "label": "t:settings_schema.general_product.settings.soldout_badge_color.label",
        "default": "#999999"
      },
      {
        "type": "color",
        "id": "custom_badge_color",
        "label": "t:settings_schema.general_product.settings.custom_badge_color.label",
        "default": "#00A500"
      },
      {
        "type": "header",
        "content": "t:settings_schema.general_product.settings.swatch_color_header.content"
      },
      {
        "type": "textarea",
        "id": "color_ck",
        "label": "t:settings_schema.general_product.settings.color_ck.label",
        "info": "t:settings_schema.general_product.settings.color_ck.info"
      },
      {
        "type": "header",
        "content": "t:settings_schema.general_product.settings.placeholder_header.content"
      },
      {
        "type": "image_picker",
        "id": "placeholder_img",
        "label": "t:settings_schema.general_product.settings.placeholder_img.label"
      },
      {
        "type": "header",
        "content": "t:settings_schema.general_product.settings.vendor_type_header.content"
      },
      {
        "type": "checkbox",
        "id": "use_link_vendor",
        "label": "t:settings_schema.general_product.settings.use_link_vendor.label",
        "info": "t:settings_schema.general_product.settings.use_link_vendor.info",
        "default": false
      },
      {
        "type": "checkbox",
        "id": "use_link_type",
        "label": "t:settings_schema.general_product.settings.use_link_type.label",
        "info": "t:settings_schema.general_product.settings.use_link_type.info",
        "default": false
      }
    ]
  },
  {
    "name": "t:settings_schema.product_items.name",
    "settings": [
      {
        "type": "select",
        "id": "price_varies_style",
        "options": [
          {
            "value": "1",
            "label": "$39.00 – $59.00"
          },
          {
            "value": "2",
            "label": "From $39.00"
          }
        ],
        "label": "Price varies style",
        "default": "1"
      },
      {
        "type": "checkbox",
        "id": "within_cat",
        "label": "Enable 'product url has link collection'",
        "info": "Creates a collection-aware product URL by prepending \/collections\/collection-handle to a product URL, where collection-handle is the handle of the collection that is currently being viewed.",
        "default": true
      },
      {
        "type": "checkbox",
        "id": "enable_quickview",
        "label": "Enable quick view",
        "default": true
      },
      {
        "type": "select",
        "id": "type_qv",
        "options": [
          {
            "value": "1",
            "label": "Hidden Sidebar"
          },
          {
            "value": "2",
            "label": "Popup Center"
          }
        ],
        "label": "Quick view type",
        "default": "2"
      },
      {
        "type": "checkbox",
        "id": "enable_quickshop",
        "label": "Enable quick shop",
        "default": true
      },
      {
        "type": "checkbox",
        "id": "enable_rating",
        "label": "Enable rating",
        "default": false
      },
      {
        "type": "checkbox",
        "id": "enable_atc",
        "label": "Show add to cart, select option, quick shop",
        "default": true
      },
      {
        "type": "checkbox",
        "id": "show_qty",
        "label": "Enable quantity selector",
        "default": true
      },
      {
        "type": "select",
        "id": "pr_border_style",
        "options": [
          {
            "value": "1",
            "label": "None"
          },
          {
            "value": "2",
            "label": "In image"
          },
          {
            "value": "3",
            "label": "In grid"
          }
        ],
        "label": "Bordered style",
        "info": "add borders between the products in your grid",
        "default": "1"
      },
      {
        "type": "paragraph",
        "content": "+ COLOR SWATCHES"
      },
      {
        "type": "checkbox",
        "id": "enable_pr_color",
        "label": "Enable color swatches",
        "default": true
      },
      {
        "type": "select",
        "id": "swatch_color_style",
        "options": [
          {
            "value": "1",
            "label": "Square"
          },
          {
            "value": "2",
            "label": "circle"
          }
        ],
        "label": "Swatch style",
        "default": "2"
      },
      {
        "type": "select",
        "id": "swatch_item_style",
        "options": [
          {
            "value": "1",
            "label": "Color"
          },
          {
            "value": "2",
            "label": "Image variant"
          }
        ],
        "label": "Swatch item style"
      },
      {
        "type": "select",
        "id": "show_color_type",
        "options": [
          {
            "value": "1",
            "label": "All color"
          },
          {
            "value": "2",
            "label": "Only color available"
          }
        ],
        "label": "Show type:"
      },
      {
        "type": "checkbox",
        "id": "sw_limit",
        "label": "Enable swatch limit",
        "info": "If you have too many swatches, it will grow into more than one lines, which is not desirable. Instead, we'd like to only show one line only, and show a '+X' if there are too many swatches",
        "default": true
      },
      {
        "type": "range",
        "id": "sw_num",
        "min": 0,
        "max": 10,
        "step": 1,
        "label": "Maximum color swatches to show",
        "info": "Set 0 to use responsive auto number. Only works when swatch limit is enabled.",
        "default": 0
      },
      {
        "type": "select",
        "id": "sw_click",
        "options": [
          {
            "value": "1",
            "label": "Expand all color"
          },
          {
            "value": "2",
            "label": "Go to product page"
          }
        ],
        "label": "Action click swatch '+X':"
      },
      {
        "type": "paragraph",
        "content": "+ SIZE LIST"
      },
      {
        "type": "checkbox",
        "id": "enable_pr_size",
        "label": "Enable size list",
        "default": true
      },
      {
        "type": "select",
        "id": "pr_size_pos",
        "options": [
          {
            "value": "1",
            "label": "Above image"
          },
          {
            "value": "2",
            "label": "Below info"
          }
        ],
        "label": "Size list position",
        "default": "1"
      },
      {
        "type": "select",
        "id": "show_size_type",
        "options": [
          {
            "value": "1",
            "label": "All size"
          },
          {
            "value": "2",
            "label": "Only size available"
          }
        ],
        "label": "Show type:"
      },
      {
        "type": "textarea",
        "id": "size_ck",
        "label": "Enter variant name you want show size list",
        "info": "Default: size,sizes,Größe"
      },
      {
        "type": "paragraph",
        "content": "+ PRODUCT IMAGES"
      },
      {
        "type": "select",
        "id": "show_img",
        "options": [
          {
            "value": "1",
            "label": "1"
          },
          {
            "value": "2",
            "label": "2"
          }
        ],
        "label": "Maximum images to show",
        "default": "2"
      },
      {
        "type": "select",
        "id": "pr_img_effect",
        "options": [
          {
            "value": "0",
            "label": "No animation"
          },
          {
            "value": "1",
            "label": "Opacity"
          },
          {
            "value": "2",
            "label": "Zoom"
          },
          {
            "value": "3",
            "label": "Move bottom"
          },
          {
            "value": "4",
            "label": "Flip card"
          },
          {
            "value": "5",
            "label": "Rotate zoom"
          }
        ],
        "label": "Image hover effects",
        "info": "Effects not working when has only one image: opacity, move bottom",
        "default": "2"
      },
      {
        "type": "checkbox",
        "id": "enable_eff_img1",
        "label": "Enable image hover effects for first image",
        "info": "Only working with effects: zoom, rotate zoom",
        "default": true
      },
      {
        "type": "checkbox",
        "id": "enable_shadow_round_img",
        "label": "Enable image shadow, round",
        "default": false
      },
      {
        "type": "checkbox",
        "id": "enable_pr_ellipsis",
        "label": "The longer titles instead of occupying more lines stops at the first line adding \"...\" at the end",
        "default": false
      }
    ]
  },
  {
    "name": "t:settings_schema.product_single.name",
    "settings": [
      {
        "type": "select",
        "id": "pr_curent",
        "label": "Variant picker",
        "default": "3",
        "options": [
          {
            "value": "1",
            "label": "No Pick"
          },
          {
            "value": "2",
            "label": "Pick first variant"
          },
          {
            "value": "3",
            "label": "Pick first available variant"
          }
        ]
      },
      {
        "type": "checkbox",
        "id": "use_group_media",
        "label": "Use group media",
        "default": true
      },
      {
        "type": "checkbox",
        "id": "show_first_media",
        "label": "Show first media",
        "info": "Show first media until customers hand-pick a variant",
        "default": false
      },
      {
        "type": "checkbox",
        "id": "use_change_variant_by_img",
        "label": "Use select variants by change image on slide",
        "info": "Normally, variants are selected from a swatch. You might want your customers to be able to select a product variant by change a variant image. *Only active on layout has slider in product page.",
        "default": false
      },
      {
        "type": "checkbox",
        "id": "enable_his",
        "label": "Enable historyState",
        "info": "Update history state for product deeplinking shopify. It's possible to create a deep-link directly to a specific variant by adding a query string to a product page URL. You can achieve this by appending the ?variant= query parameter to the URL of the product, along with the ID of the variant. Not working when Product variant is No Pick.",
        "default": false
      },
      {
        "type": "checkbox",
        "id": "use_incoming_mess",
        "label": "Use incoming message",
        "info": "Use incoming stock transfer message when sold out.",
        "default": false
      },
      {
        "type": "select",
        "id": "date_in",
        "label": "Date incoming format",
        "info": "Date demo: 09\/04\/1994 (date\/month\/year)",
        "default": "%d\/%m\/%Y",
        "options": [
          {
            "value": "%B %d, %Y",
            "label": "April 09, 1994 - MMM dd, yyyy"
          },
          {
            "value": "%d\/%m\/%y",
            "label": "09\/04\/94 - dd\/MM\/yy"
          },
          {
            "value": "%d\/%m\/%Y",
            "label": "09\/04\/1994 - dd\/MM\/yyyy"
          },
          {
            "value": "%e\/%m\/%Y",
            "label": "9\/04\/1994 - d\/MM\/yyyy"
          },
          {
            "value": "%b %y",
            "label": "Apr 94 - MMM yy"
          },
          {
            "value": "%b %d",
            "label": "Apr 09 - MMM dd"
          },
          {
            "value": "%m\/%d\/%Y",
            "label": "04\/09\/1994 - MM\/dd\/yyyy"
          },
          {
            "value": "%A %d\/%m\/%Y",
            "label": "Tuesday 09\/04\/1994 - aa dd\/MM\/yyyy"
          },
          {
            "value": "%a %d\/%m\/%Y",
            "label": "Tue 09\/04\/1994 - a dd\/MM\/yyyy"
          }
        ]
      },
      {
        "type": "select",
        "id": "variant_remove",
        "label": "Variant sold out, unavailable swatches",
        "info": "Removing the variants that are sold out, unavailable.",
        "default": "1",
        "options": [
          {
            "value": "1",
            "label": "Only remove variants unavailable"
          },
          {
            "value": "2",
            "label": "Remove variants sold out, unavailable"
          }
        ]
      },
      {
        "type": "checkbox",
        "id": "use_notify_me",
        "label": "Use a back in stock notification form",
        "info": "When a customer submits the back in stock notification form for a sold out product, you will receive an email to the email address you have set up in the admin to be [your Customer email.](https:\/\/cdn.shopify.com\/s\/files\/1\/0715\/0505\/1965\/files\/70427797_2747255655319783_1415233892020912128_n.jpg?v=1704340415)",
        "default": true
      },
      {
        "type": "paragraph",
        "content": "With a back in stock notification form, customers can let you know if they want to be informed when a sold out product becomes available again. When a customer uses the form to submit their email address, you will be sent information about the product that they are interested in. When more stock becomes available, you can let the customer know."
      },
      {
        "type": "header",
        "content": "+ Product social sharing options"
      },
      {
        "type": "select",
        "id": "share_source",
        "label": "Share source",
        "options": [
          {
            "value": "1",
            "label": "Default"
          },
          {
            "value": "3",
            "label": "Growave social sharing"
          }
        ],
        "default": "1"
      },
      {
        "type": "paragraph",
        "content": "[Growave ‑ Reviews, Loyalty ++by Growave](https:\/\/growave.io\/?ref=henry_pham)"
      },
      {
        "type": "paragraph",
        "content": "+ Metafield product countdown, Countdown to the end sale date will be shown. Be sure you have set final date of the product sale price. Namespace and key metafield: theme.countdown"
      },
      {
        "type": "paragraph",
        "content": "+ Namespace and key metafield External\/Affiliate button title: theme.external_title"
      },
      {
        "type": "paragraph",
        "content": "+ Namespace and key metafield External\/Affiliate button link: theme.external_link"
      }
    ]
  },
  {
    "name": "t:settings_schema.cart.name",
    "settings": [
      {
        "type": "checkbox",
        "id": "cart_ajax_enable",
        "label": "Enable automatic cart updates",
        "info": "Updates the cart as soon as customer changes are made",
        "default": true
      },
      {
        "type": "select",
        "id": "min_qty",
        "label": "Min quantity cart",
        "info": " Minimum quantity value in cart page\/cart sidebar. For example, if you set the value to 1, the user cannot reduce it to 0.",
        "options": [
          {
            "value": "0",
            "label": "0"
          },
          {
            "value": "1",
            "label": "1"
          }
        ]
      },
      {
        "type": "select",
        "id": "edit_item",
        "label": "Edit item mode:",
        "options": [
          {
            "value": "0",
            "label": "Replace old item"
          },
          {
            "value": "1",
            "label": "Add new item"
          }
        ]
      },
      {
        "type": "select",
        "id": "after_action_atc",
        "label": "Action when an item is added to the cart success",
        "info": "Not working on cart page",
        "options": [
          {
            "value": "0",
            "label": "No action. Stay on the current page"
          },
          {
            "value": "3",
            "label": "Show drawer cart"
          },
          {
            "value": "4",
            "label": "Go to cart page"
          },
          {
            "value": "5",
            "label": "Go to checkout page"
          }
        ],
        "default": "3"
      },
      {
        "type": "header",
        "content": "+ Mini cart"
      },
      {
        "type": "select",
        "id": "cart_type",
        "label": "Mini cart type",
        "default": "drawer",
        "info": "Not working on cart page",
        "options": [
          {
            "value": "disable",
            "label": "Disable"
          },
          {
            "value": "drawer",
            "label": "Drawer"
          }
        ]
      },
      {
        "type": "header",
        "content": "+ Free shipping minimum amount"
      },
      {
        "type": "paragraph",
        "content": "Free shipping minimum amount needs to be set up as a product."
      },
      {
        "type": "product",
        "id": "free_ship_pr",
        "label": "Product shipping amount",
        "info": "Make sure that you have properly configured your [shipping rates](https:\/\/help.shopify.com\/en\/manual\/shipping\/setting-up-and-managing-your-shipping\/setting-up-shipping-rates)."
      },
      {
        "type": "checkbox",
        "id": "enable_confetti",
        "label": "Enable confetti when got free shipping",
        "default": true
      },
      {
        "type": "checkbox",
        "id": "enable_shipbar",
        "label": "Enable free shipping bar",
        "default": true
      },
      {
        "type": "select",
        "id": "des_shipbar",
        "default": "0",
        "options": [
          {
            "value": "0",
            "label": "#0 - Normal"
          },
          {
            "value": "1",
            "label": "#1 - Leaf"
          },
          {
            "value": "2",
            "label": "#2 - Overlap"
          },
          {
            "value": "3",
            "label": "#3 - Food"
          },
          {
            "value": "4",
            "label": "#4 - Bars"
          },
          {
            "value": "5",
            "label": "#5 - Lines"
          },
          {
            "value": "6",
            "label": "#6 - Wiggle"
          },
          {
            "value": "7",
            "label": "#7 - Dots"
          },
          {
            "value": "8",
            "label": "#8 - Circuit"
          },
          {
            "value": "9",
            "label": "#9 - Aztec"
          },
          {
            "value": "10",
            "label": "#10 - Bees"
          },
          {
            "value": "11",
            "label": "#11 - Clouds"
          },
          {
            "value": "12",
            "label": "#12 - Stripes"
          },
          {
            "value": "13",
            "label": "#13 - Crosses"
          },
          {
            "value": "14",
            "label": "#14 - Jupiter"
          },
          {
            "value": "15",
            "label": "#15 - Piano"
          },
          {
            "value": "16",
            "label": "#16 - Dominos"
          },
          {
            "value": "17",
            "label": "#17 - Pie"
          },
          {
            "value": "18",
            "label": "#18 - Floor"
          },
          {
            "value": "19",
            "label": "#19 - Bubbles"
          },
          {
            "value": "20",
            "label": "#20 - TicTac"
          },
          {
            "value": "21",
            "label": "#21 - ZigZag"
          }
        ],
        "label": "Design free shipping bar"
      },
      {
        "type": "range",
        "id": "des_shipbar_per_1",
        "min": 0,
        "max": 100,
        "step": 1,
        "unit": "%",
        "label": "Free shipping bar less #1",
        "default": 25
      },
      {
        "type": "color",
        "id": "des_shipbar_cl_1",
        "label": "Free shipping color #1",
        "default": "#EB001B"
      },
      {
        "type": "range",
        "id": "des_shipbar_per_2",
        "min": 0,
        "max": 100,
        "step": 1,
        "unit": "%",
        "label": "Free shipping bar less #2",
        "default": 50
      },
      {
        "type": "color",
        "id": "des_shipbar_cl_2",
        "label": "Free shipping color #2",
        "default": "#e0b252"
      },
      {
        "type": "range",
        "id": "des_shipbar_per_3",
        "min": 0,
        "max": 100,
        "step": 1,
        "unit": "%",
        "label": "Free shipping bar less #3",
        "default": 75
      },
      {
        "type": "color",
        "id": "des_shipbar_cl_3",
        "label": "Free shipping color #3",
        "default": "#23b2c7"
      },
      {
        "type": "color",
        "id": "des_shipbar_cl_4",
        "label": "Free shipping color #4",
        "default": "#428445"
      },
      {
        "type": "header",
        "content": "+ Gift wrap"
      },
      {
        "type": "product",
        "id": "gift_wrap_pr",
        "label": "Product Gift wrap",
        "info": "Gift wrap needs to be set up as a product."
      },
      {
        "type": "header",
        "content": "+ Taxes and shipping info",
        "info": "Add a link Taxes and shipping info"
      },
      {
        "type": "url",
        "id": "link_ship",
        "label": "Taxes and shipping info (optional)"
      },
      {
        "type": "header",
        "content": "+ Terms and conditions checkbox",
        "info": "Add a link Terms and conditions"
      },
      {
        "type": "url",
        "id": "link_conditions",
        "label": "Terms and conditions link (optional)"
      }
    ]
  },
  {
    "name": "t:settings_schema.other_settings.name",
    "settings": [
      {
        "type": "header",
        "content": "+ My Account Page"
      },
      {
        "type": "checkbox",
        "id": "use_privacy_policy",
        "label": "Show privacy policy (GDPR compliant)",
        "default": false
      },
      {
        "type": "url",
        "id": "privacy_policy_link",
        "label": "Privacy policys page"
      },
      {
        "type": "checkbox",
        "id": "login_side",
        "label": "Enable login sidebar widget",
        "default": true
      },
      {
        "type": "url",
        "id": "return_login",
        "label": "Which page to show",
        "info": "Choose which page to show when customers log in to your online store."
      },
      {
        "type": "paragraph",
        "content": "—————————————————"
      },
      {
        "type": "checkbox",
        "id": "growave_social_login",
        "label": "Enable Social Login?"
      },
      {
        "type": "paragraph",
        "content": "To give your customers an easy way to create an account and gain a loyal customer base install [Growave](https:\/\/growave.io\/?ref=henry_pham) that offers Social Login, Social Sharing, Instagram, Loyalty and Rewards, Reviews, Wishlist "
      },
      {
        "type": "paragraph",
        "content": "—————————————————"
      },
      {
        "type": "paragraph",
        "content": "Install [Fordeer:PDF Invoice Generator](https:\/\/apps.shopify.com\/fordeer-invoice-order-printer?utm_source=the4&utm_medium=kalless&utm_campaign=order_history_page) to add print and download invoice buttons."
      },
      {
        "type": "paragraph",
        "content": "—————————————————"
      },
      {
        "type": "select",
        "id": "btn_arrow",
        "info": "Choose style of arrow for all button",
        "options": [
          {
            "value": "default",
            "label": "Long arrow"
          },
          {
            "value": "short_arrow",
            "label": "Short arrow"
          },
          {
            "value": "double_short_arrow",
            "label": "Double short arrow"
          }
        ],
        "label": "Button arrow",
        "default": "default"
      }
    ]
  },
  {
    "name": "t:settings_schema.search.name",
    "settings": [
      {
        "type": "checkbox",
        "id": "predictive_search",
        "label": "Use Predictive Search?",
        "info": "[Predictive search](https:\/\/help.shopify.com\/en\/manual\/online-store\/storefront-search\/predictive-search)",
        "default": true
      },
      {
        "type": "checkbox",
        "id": "filter_type_search",
        "label": "Search by product type",
        "info": "Filter search results with product type",
        "default": false
      },
      {
        "type": "checkbox",
        "id": "only_search_prs",
        "label": "Search only products",
        "info": "Only returns products in the search results",
        "default": true
      },
      {
        "type": "header",
        "content": "+ Search suggest products"
      },
      {
        "type": "checkbox",
        "id": "show_search_suggest",
        "label": "Show suggest products",
        "default": false
      },
      {
        "id": "search_prs_suggest",
        "type": "collection",
        "label": "Collection"
      },
      {
        "type": "header",
        "content": "+ Search hot key"
      },
      {
        "type": "checkbox",
        "id": "show_search_hotkey",
        "label": "Show search hot key",
        "default": false
      },
      {
        "type": "textarea",
        "id": "list_hotkey",
        "placeholder": "Women, Men, New",
        "label": "Enter list hot key",
        "info": "Separate by a comma."
      }
    ]
  },
  {
    "name": "t:settings_schema.language_currency.name",
    "settings": [
      {
        "type": "header",
        "content": "Language selector",
        "info": "To add a language, go to your [language settings.](\/admin\/settings\/languages)"
      },
      {
        "type": "paragraph",
        "content": "[Learn more about selling in multiple languages](https:\/\/help.shopify.com\/en\/manual\/cross-border\/multilingual-online-store)"
      },
      {
        "type": "paragraph",
        "content": "To work on translations, install a translations app that's compatible with selling in multiple languages. [Visit the Shopify App Store](https:\/\/apps.shopify.com\/collections\/apps-for-store-languages)"
      },
      {
        "type": "select",
        "id": "lang_pos",
        "label": "Language drawer",
        "options": [
          {
            "value": "0",
            "label": "Disable"
          },
          {
            "value": "1",
            "label": "All screen"
          },
          {
            "value": "2",
            "label": "Only desktop"
          }
        ]
      },
      {
        "type": "header",
        "content": "Currency format"
      },
      {
        "type": "checkbox",
        "id": "currency_code_enabled",
        "label": "Show currency codes",
        "default": false
      },
      {
        "type": "paragraph",
        "content": "Cart and checkout prices always show currency codes. Example: $1.00 USD."
      },
      {
        "type": "header",
        "content": "Currency Config"
      },
      {
        "type": "checkbox",
        "id": "auto_currency",
        "label": "Enable Customer Geolocation",
        "default": true,
        "info": " Boost up your sales by showing your prices in the Visitor's Currency! When a customer goes to your store, your store chooses the currency to use based on the geolocation of their IP address. The prices in your storefront and checkout convert immediately to that currency. If a customer's location uses a currency that isn't supported by your store, then the store's currency is used. For example, your store currency is USD and you accept USD, EUR, and YEN. When a customer from Brazil visits your store, they see prices in USD (your store's currency) because you don't accept payments in BRL."
      },
      {
        "type": "select",
        "id": "currency_type",
        "label": "+ Source:",
        "options": [
          {
            "value": "1",
            "label": "Multiple Currencies By Shopify"
          },
          {
            "value": "2",
            "label": "Multiple Currencies By The4"
          }
        ],
        "default": "2"
      },
      {
        "type": "checkbox",
        "id": "flag_currency",
        "label": "Show country flag",
        "default": true
      },
      {
        "type": "select",
        "id": "size_currency",
        "label": "Flag size",
        "options": [
          {
            "value": "sm",
            "label": "Small"
          },
          {
            "value": "md",
            "label": "Medium"
          }
        ],
        "default": "md"
      },
      {
        "type": "select",
        "id": "currency_pos",
        "label": "Currency drawer",
        "options": [
          {
            "value": "0",
            "label": "Disable"
          },
          {
            "value": "1",
            "label": "All screen"
          },
          {
            "value": "2",
            "label": "Only desktop"
          }
        ]
      },
      {
        "type": "header",
        "content": "+ Multiple Currencies By Shopify"
      },
      {
        "type": "paragraph",
        "content": "This feature is only available for stores using Shopify Payments. Multi currency checkout page. My See [Can I use Shopify Payments?](https:\/\/help.shopify.com\/en\/manual\/payments\/shopify-payments\/shopify-payments-requirements#can-I-use-shopify-payments) for a list of supported countries. [Learn more about multi-currency here](https:\/\/help.shopify.com\/en\/manual\/payments\/shopify-payments\/multi-currency)"
      },
      {
        "type": "paragraph",
        "content": "Your customers can pay for their orders and receive refunds in their local currency. [Enabling your store to sell in multiple currencies](https:\/\/help.shopify.com\/manual\/payments\/multi-currency\/setup)."
      },
      {
        "type": "paragraph",
        "content": "To add a currency, go to your [payment settings.](\/admin\/settings\/payments)"
      },
      {
        "type": "header",
        "content": "+ Multiple Currencies By The4"
      },
      {
        "type": "paragraph",
        "content": "Even though prices are displayed in different currencies, orders will still be processed in your store's currency."
      },
      {
        "type": "paragraph",
        "content": "To offer multiple currencies on your online store, you must first [edit your store's currency formatting](https:\/\/support.the4.co\/articles\/language-currency)."
      },
      {
        "type": "textarea",
        "id": "supported_currencies",
        "label": "Supported currencies",
        "default": "EUR - EUR | USD - USD | GBP - GBP",
        "placeholder": "EUR - Euro | USD - US Dollar | GBP - British Pound",
        "info": "Use the country's ISO [currency code](http:\/\/www.xe.com\/iso4217.php). Separate your currency codes with a '|'."
      },
      {
        "type": "paragraph",
        "content": "+ Price Configuration"
      },
      {
        "type": "checkbox",
        "id": "round_currency",
        "label": "Round converted amounts",
        "info": "eg: $9.9 ==> $10",
        "default": false
      },
      {
        "type": "paragraph",
        "content": "+ Extra Features"
      },
      {
        "type": "checkbox",
        "id": "notify_currency",
        "label": "Checkout currency notification",
        "default": true,
        "info": "This notification will appear on the cart page,shopping cart widget. It is meant to inform your customers that Shopify only allows them to Checkout in your shop's main currency."
      },
      {
        "type": "textarea",
        "id": "mess_currency",
        "label": "Currency notification text:",
        "info": "[original_currency], [current_currency] is is the variable name will automatically be replaced you must not change.",
        "default": "All charges are billed in [original_currency]. While the content of your cart is currently displayed in [current_currency], the checkout will use [original_currency] at the most current exchange rate."
      },
      {
        "type": "checkbox",
        "id": "hover_currency",
        "label": "Enable original price on hover",
        "default": false,
        "info": "If your customer hovers over the converted prices he will still be able to see the price in your shop's main currency."
      }
    ]
  },
  {
    "name": "t:settings_schema.custom_css_js.name",
    "settings": [
      {
        "type": "header",
        "content": "t:settings_schema.custom_css_js.settings.bootstrap_css_header.content"
      },
      {
        "type": "checkbox",
        "id": "bootstrap_css",
        "label": "t:settings_schema.custom_css_js.settings.bootstrap_css.label",
        "info": "t:settings_schema.custom_css_js.settings.bootstrap_css.info",
        "default": false
      },
      {
        "type": "header",
        "content": "t:settings_schema.custom_css_js.settings.colors_css_header.content"
      },
      {
        "type": "checkbox",
        "id": "colors_css",
        "label": "t:settings_schema.custom_css_js.settings.colors_css.label",
        "info": "t:settings_schema.custom_css_js.settings.colors_css.info",
        "default": false
      },
      {
        "type": "header",
        "content": "t:settings_schema.custom_css_js.settings.custom_css_header.content"
      },
      {
        "type": "checkbox",
        "id": "custom_css_t4s",
        "label": "t:settings_schema.custom_css_js.settings.custom_css_t4s.label",
        "default": false
      },
      {
        "type": "textarea",
        "id": "global_css",
        "label": "t:settings_schema.custom_css_js.settings.global_css.label",
        "placeholder": "t:settings_schema.custom_css_js.settings.global_css.placeholder"
      },
      {
        "type": "textarea",
        "id": "desktop_css",
        "label": "t:settings_schema.custom_css_js.settings.desktop_css.label",
        "placeholder": "t:settings_schema.custom_css_js.settings.desktop_css.placeholder"
      },
      {
        "type": "textarea",
        "id": "tablet_mobile_css",
        "label": "t:settings_schema.custom_css_js.settings.tablet_mobile_css.label",
        "placeholder": "t:settings_schema.custom_css_js.settings.tablet_mobile_css.placeholder"
      },
      {
        "type": "textarea",
        "id": "tablet_css",
        "label": "t:settings_schema.custom_css_js.settings.tablet_css.label",
        "placeholder": "t:settings_schema.custom_css_js.settings.tablet_css.placeholder"
      },
      {
        "type": "textarea",
        "id": "mobile_css",
        "label": "t:settings_schema.custom_css_js.settings.mobile_css.label",
        "placeholder": "t:settings_schema.custom_css_js.settings.mobile_css.placeholder"
      },
      {
        "type": "header",
        "content": "t:settings_schema.custom_css_js.settings.custom_js_header.content"
      },
      {
        "type": "paragraph",
        "content": "t:settings_schema.custom_css_js.settings.custom_js_paragraph.content"
      },
      {
        "type": "checkbox",
        "id": "t4s_custom_js",
        "label": "t:settings_schema.custom_css_js.settings.t4s_custom_js.label",
        "info": "t:settings_schema.custom_css_js.settings.t4s_custom_js.info",
        "default": false
      }
    ]
  },
  {
    "name": "t:settings_schema.social_media.name",
    "settings": [
      {
        "type": "header",
        "content": "t:settings_schema.social_media.settings.social_sharing_header.content"
      },
      {
        "type": "checkbox",
        "id": "share_facebook",
        "label": "t:settings_schema.social_media.settings.share_facebook.label",
        "default": true
      },
      {
        "type": "checkbox",
        "id": "share_twitter",
        "label": "t:settings_schema.social_media.settings.share_twitter.label",
        "default": true
      },
      {
        "type": "checkbox",
        "id": "share_pinterest",
        "label": "t:settings_schema.social_media.settings.share_pinterest.label",
        "default": true
      },
      {
        "type": "checkbox",
        "id": "share_tumblr",
        "label": "t:settings_schema.social_media.settings.share_tumblr.label",
        "default": false
      },
      {
        "type": "checkbox",
        "id": "share_email",
        "label": "t:settings_schema.social_media.settings.share_email.label",
        "default": true
      },
      {
        "type": "checkbox",
        "id": "share_telegram",
        "label": "t:settings_schema.social_media.settings.share_telegram.label",
        "default": true
      },
      {
        "type": "checkbox",
        "id": "share_whatsapp",
        "label": "t:settings_schema.social_media.settings.share_whatsapp.label",
        "default": false
      },
      {
        "type": "header",
        "content": "t:settings_schema.social_media.settings.social_accounts_header.content"
      },
      {
        "type": "text",
        "id": "social_facebook_link",
        "label": "t:settings_schema.social_media.settings.social_facebook_link.label",
        "info": "t:settings_schema.social_media.settings.social_facebook_link.info"
      },
      {
        "type": "text",
        "id": "social_twitter_link",
        "label": "t:settings_schema.social_media.settings.social_twitter_link.label",
        "info": "t:settings_schema.social_media.settings.social_twitter_link.info"
      },
      {
        "type": "text",
        "id": "social_instagram_link",
        "label": "t:settings_schema.social_media.settings.social_instagram_link.label",
        "info": "t:settings_schema.social_media.settings.social_instagram_link.info"
      },
      {
        "type": "text",
        "id": "social_dribbble_link",
        "label": "t:settings_schema.social_media.settings.social_dribbble_link.label",
        "info": "t:settings_schema.social_media.settings.social_dribbble_link.info"
      },
      {
        "type": "text",
        "id": "social_linkedin_link",
        "label": "t:settings_schema.social_media.settings.social_linkedin_link.label",
        "info": "t:settings_schema.social_media.settings.social_linkedin_link.info"
      },
      {
        "type": "text",
        "id": "social_pinterest_link",
        "label": "t:settings_schema.social_media.settings.social_pinterest_link.label",
        "info": "t:settings_schema.social_media.settings.social_pinterest_link.info"
      },
      {
        "type": "text",
        "id": "social_tumblr_link",
        "label": "t:settings_schema.social_media.settings.social_tumblr_link.label",
        "info": "t:settings_schema.social_media.settings.social_tumblr_link.info"
      },
      {
        "type": "text",
        "id": "social_snapchat_link",
        "label": "t:settings_schema.social_media.settings.social_snapchat_link.label",
        "info": "t:settings_schema.social_media.settings.social_snapchat_link.info"
      },
      {
        "type": "text",
        "id": "social_youtube_link",
        "label": "t:settings_schema.social_media.settings.social_youtube_link.label",
        "info": "t:settings_schema.social_media.settings.social_youtube_link.info"
      },
      {
        "type": "text",
        "id": "social_vimeo_link",
        "label": "t:settings_schema.social_media.settings.social_vimeo_link.label",
        "info": "t:settings_schema.social_media.settings.social_vimeo_link.info"
      },
      {
        "type": "text",
        "id": "social_behance_link",
        "label": "t:settings_schema.social_media.settings.social_behance_link.label",
        "info": "t:settings_schema.social_media.settings.social_behance_link.info"
      },
      {
        "type": "text",
        "id": "social_soundcloud_link",
        "label": "t:settings_schema.social_media.settings.social_soundcloud_link.label",
        "info": "t:settings_schema.social_media.settings.social_soundcloud_link.info"
      },
      {
        "type": "text",
        "id": "social_tiktok_link",
        "label": "t:settings_schema.social_media.settings.social_tiktok_link.label",
        "info": "t:settings_schema.social_media.settings.social_tiktok_link.info"
      },
      {
        "type": "text",
        "id": "social_threads_link",
        "label": "t:settings_schema.social_media.settings.social_threads_link.label"
      },
      {
        "type": "text",
        "id": "social_spotify_link",
        "label": "t:settings_schema.social_media.settings.social_spotify_link.label"
      }
    ]
  },
  {
    "name": "t:settings_schema.favicon.name",
    "settings": [
      {
        "type": "header",
        "content": "== Favicon image"
      },
      {
        "type": "image_picker",
        "id": "favicon",
        "label": "Favicon image",
        "info": "Upload image: png, ico, Will be scaled down to 32 x 32px"
      },
      {
        "type": "header",
        "content": "== Favicon retina image"
      },
      {
        "type": "image_picker",
        "id": "favicon_apple",
        "label": "Favicon retina image",
        "info": "Upload image: png, ico, Will be scaled down to 152 x 152px"
      }
    ]
  },
  {
    "name": "t:settings_schema.import_demo.name",
    "settings": [
      {
        "type": "paragraph",
        "content": "[Install EcomRise (Free)](https:\/\/kits.ecomrise.app\/install?utm_source=the4-kalles&utm_medium=intheme&utm_content=import-demo) to import new demos and update the latest theme version quickly. Plus, access to all boost sales features. [Install app now.](https:\/\/kits.ecomrise.app\/install?utm_source=the4-kalles&utm_medium=intheme&utm_content=import-demo)"
      }
    ]
  }
]