{
  "sections": {
    "heading": {
      "type": "heading-template",
      "blocks": {
        "5ceb80b4-7249-43c6-bab2-723276f6f6a2": {
          "type": "1",
          "settings": {
            "heading": "",
            "fontf": "inherit",
            "text_cl": "#fff",
            "text_fs": 20,
            "text_lh": 0,
            "text_fw": 400,
            "text_ls": 0,
            "font_italic": false,
            "font_uppercase": false,
            "text_shadow": false,
            "text_mgb": 0,
            "hidden_mobile": false,
            "text_fs_mb": 20,
            "text_lh_mb": 0,
            "text_ls_mb": 0,
            "text_mgb_mobile": 0
          }
        }
      },
      "block_order": [
        "5ceb80b4-7249-43c6-bab2-723276f6f6a2"
      ],
      "settings": {
        "image": "shopify:\/\/shop_images\/shop-category_1950x_67984d48-c494-49f6-9d6d-518b4a41006e.jpg",
        "parallax": false,
        "color": "#000",
        "overlay": 54,
        "padding": 50,
        "paddingmb": 50,
        "mg_b": 50,
        "mg_bmb": 50,
        "content_align": "t4s-text-center",
        "bg_pos": "center center",
        "bg_repeat": "no-repeat",
        "bg_size": "cover",
        "use_cus_css": false,
        "code_cus_css": ".SectionID {\nbackground-color:red\n}"
      }
    },
    "main": {
      "type": "main-customers-addresses",
      "settings": {}
    }
  },
  "order": [
    "heading",
    "main"
  ]
}
