{
  "sections": {
    "heading": {
      "type": "heading-template",
      "blocks": {
        "5ceb80b4-7249-43c6-bab2-723276f6f6a2": {
          "type": "1",
          "settings": {
            "heading": "",
            "fontf": "inherit",
            "text_cl": "#ffffff",
            "text_fs": 20,
            "text_lh": 20,
            "text_fw": 500,
            "text_ls": 0,
            "font_italic": false,
            "font_uppercase": false,
            "text_shadow": false,
            "text_mgb": 0,
            "hidden_mobile": false,
            "text_fs_mb": 20,
            "text_lh_mb": 20,
            "text_ls_mb": 0,
            "text_mgb_mobile": 0
          }
        }
      },
      "block_order": [
        "5ceb80b4-7249-43c6-bab2-723276f6f6a2"
      ],
      "settings": {
        "heading_fullwidth": true,
        "use_specify_image": true,
        "parallax": true,
        "color": "#000000",
        "overlay": 100,
        "padding": 0,
        "paddingmb": 0,
        "mg_b": 0,
        "mg_bmb": 0,
        "content_align": "t4s-text-center",
        "bg_pos": "center center",
        "bg_repeat": "no-repeat",
        "bg_size": "cover",
        "use_cus_css": true,
        "code_cus_css": ".SectionID {\nbackground-color:red\n}"
      }
    },
    "main": {
      "type": "main-customers-login",
      "settings": {
        "content_align": "start",
        "btn_width": "full",
        "button_style": "default",
        "btns_size": "medium",
        "btns_cl": "dark",
        "button_effect": "overlay-run"
      }
    }
  },
  "order": [
    "heading",
    "main"
  ]
}
