{
  "sections": {
    "heading": {
      "type": "heading-template",
      "blocks": {
        "61658221-289a-451c-832e-472e370318ff": {
          "type": "1",
          "settings": {
            "heading": "SHOPPING CART",
            "fontf": "2",
            "text_cl": "#ffffff",
            "text_fs": 20,
            "text_lh": 20,
            "text_fw": 500,
            "text_ls": 0,
            "font_italic": false,
            "font_uppercase": false,
            "text_shadow": false,
            "text_mgb": 0,
            "hidden_mobile": false,
            "text_fs_mb": 20,
            "text_lh_mb": 20,
            "text_ls_mb": 0,
            "text_mgb_mobile": 0
          }
        }
      },
      "block_order": [
        "61658221-289a-451c-832e-472e370318ff"
      ],
      "settings": {
        "use_specify_image": true,
        "parallax": false,
        "color": "#000000",
        "overlay": 54,
        "padding": 50,
        "paddingmb": 50,
        "mg_b": 0,
        "mg_bmb": 0,
        "content_align": "t4s-text-center",
        "bg_pos": "center center",
        "bg_repeat": "no-repeat",
        "bg_size": "cover",
        "use_cus_css": false,
        "code_cus_css": ".SectionID {\nbackground-color:red\n}"
      }
    },
    "main": {
      "type": "main-cart",
      "blocks": {
        "5d8ed9ba-5120-4ca1-a8e8-67dd44b88bd2": {
          "type": "price",
          "settings": {}
        },
        "74a2487d-dac7-4195-9e12-0f6eb118b1a1": {
          "type": "btn",
          "settings": {
            "title": "Return To Shop",
            "url": "\/",
            "btn_icon": false,
            "button_style": "default",
            "btn_cl": "primary",
            "button_effect": "default"
          }
        },
        "2fef20ad-861c-4d15-aca6-4c26b6ee96f9": {
          "type": "tax",
          "settings": {}
        },
        "1f5c1718-08c4-406f-a332-28431934bf99": {
          "type": "agree",
          "settings": {}
        },
        "683a32d9-dc0c-4210-b04b-08b2c90dff29": {
          "type": "btnck",
          "settings": {
            "btn_icon": false,
            "button_style": "default",
            "btn_size": "large",
            "btn_cl": "primary",
            "button_effect": "default",
            "btn_icon2": false,
            "button_style2": "outline",
            "btn_size2": "large",
            "btn_cl2": "dark",
            "button_effect2": "default"
          }
        },
        "5ae3c0ee-4bc7-4818-af8a-d10d3958189a": {
          "type": "btnmr",
          "settings": {}
        },
        "9f0f4b67-92cb-4f7e-ae91-e921e23ed3ff": {
          "type": "img",
          "settings": {
            "wimg": 50
          }
        }
      },
      "block_order": [
        "5d8ed9ba-5120-4ca1-a8e8-67dd44b88bd2",
        "74a2487d-dac7-4195-9e12-0f6eb118b1a1",
        "2fef20ad-861c-4d15-aca6-4c26b6ee96f9",
        "1f5c1718-08c4-406f-a332-28431934bf99",
        "683a32d9-dc0c-4210-b04b-08b2c90dff29",
        "5ae3c0ee-4bc7-4818-af8a-d10d3958189a",
        "9f0f4b67-92cb-4f7e-ae91-e921e23ed3ff"
      ],
      "settings": {
        "enable_calc_ship": true,
        "enable_note": true,
        "enable_rates": true,
        "enable_discount": true,
        "enable_gift_wrap": true,
        "ship_df_country": "United States"
      }
    },
    "featured": {
      "type": "featured-collection",
      "disabled": true,
      "settings": {
        "design_heading": "1",
        "heading_align": "t4s-text-center",
        "top_heading": "You may also like",
        "icon_heading": "las la-gem",
        "top_subheading": "",
        "tophead_mb": 30,
        "collection": "default",
        "product_des": "1",
        "show_vendor": false,
        "use_cdt": false,
        "image_ratio": "rationt",
        "image_size": "cover",
        "image_position": "8",
        "content_align": "default",
        "limit": 8,
        "col_dk": "4",
        "col_tb": "3",
        "col_mb": "2",
        "space_h_item": "30",
        "space_v_item": "30",
        "space_h_item_mb": "10",
        "space_v_item_mb": "10",
        "layout_des": "2",
        "loop": true,
        "au_time": 0,
        "au_hover": true,
        "nav_btn": true,
        "btns_pos": "default",
        "btn_vi": "hover",
        "btn_owl": "outline",
        "btn_shape": "round",
        "btn_cl": "dark",
        "btn_size": "small",
        "btn_hidden_mobile": true,
        "nav_dot": false,
        "dot_owl": "default",
        "dots_cl": "dark",
        "dots_round": true,
        "dots_space": 10,
        "dots_hidden_mobile": false,
        "use_pagination": "load-more",
        "enable_bar_lm": false,
        "btn_icon": false,
        "button_style": "outline",
        "btns_size": "large",
        "btns_cl": "dark",
        "button_effect": "sweep-to-right",
        "btn_pos": "t4s-text-center",
        "layout": "t4s-container-wrap",
        "cl_bg": "",
        "cl_bg_gradient": "",
        "mg": ",,90px,",
        "pd": "",
        "mg_mb": ",,50px,",
        "pd_mb": "",
        "use_cus_css": false,
        "code_cus_css": ""
      }
    },
    "recently-viewed-products": {
      "type": "recently_viewed",
      "disabled": true,
      "settings": {
        "show": true,
        "design_heading": "1",
        "heading_align": "t4s-text-center",
        "top_heading": "Recently viewed products",
        "icon_heading": "las la-gem",
        "top_subheading": "",
        "tophead_mb": 30,
        "product_des": "1",
        "show_vendor": false,
        "use_cdt": false,
        "limit": 14,
        "sortby": "1",
        "unavailable_prs": "show",
        "image_ratio": "rationt",
        "image_size": "cover",
        "image_position": "8",
        "content_align": "default",
        "col_dk": "4",
        "col_tb": "2",
        "col_mb": "2",
        "space_h_item": "30",
        "space_v_item": "30",
        "space_h_item_mb": "10",
        "space_v_item_mb": "10",
        "layout_des": "2",
        "loop": true,
        "au_time": 0,
        "au_hover": true,
        "nav_btn": true,
        "btn_vi": "hover",
        "btn_owl": "outline",
        "btn_shape": "round",
        "btn_cl": "dark",
        "btn_size": "small",
        "btn_hidden_mobile": true,
        "nav_dot": false,
        "dot_owl": "default",
        "dots_cl": "dark",
        "dots_round": true,
        "dots_space": 10,
        "dots_hidden_mobile": false,
        "layout": "t4s-container-wrap",
        "cl_bg": "",
        "cl_bg_gradient": "",
        "mg": "75px,,50px,",
        "pd": "",
        "mg_mb": ",,30px,",
        "pd_mb": ""
      }
    }
  },
  "order": [
    "heading",
    "main",
    "featured",
    "recently-viewed-products"
  ]
}
