{
  "sections": {
    "heading": {
      "type": "heading-template",
      "blocks": {
        "8a07976b-2d4e-4066-ad3b-2d7a9e79fae0": {
          "type": "1",
          "settings": {
            "heading": "",
            "fontf": "inherit",
            "text_cl": "#ffffff",
            "text_fs": 20,
            "text_lh": 20,
            "text_fw": 500,
            "text_ls": 0,
            "font_italic": false,
            "font_uppercase": false,
            "text_shadow": false,
            "text_mgb": 5,
            "hidden_mobile": false,
            "text_fs_mb": 20,
            "text_lh_mb": 0,
            "text_ls_mb": 0,
            "text_mgb_mobile": 5
          }
        }
      },
      "block_order": [
        "8a07976b-2d4e-4066-ad3b-2d7a9e79fae0"
      ],
      "settings": {
        "heading_fullwidth": false,
        "use_specify_image": true,
        "parallax": false,
        "color": "#000000",
        "overlay": 54,
        "padding": 50,
        "paddingmb": 50,
        "mg_b": 60,
        "mg_bmb": 40,
        "content_align": "t4s-text-center",
        "bg_pos": "center center",
        "bg_repeat": "no-repeat",
        "bg_size": "cover",
        "use_cus_css": false,
        "code_cus_css": ".SectionID {\nbackground-color:red\n}"
      }
    },
    "main": {
      "type": "main-list-collections",
      "blocks": {
        "8b8e32c0-23d6-4b50-9356-1f707380d72f": {
          "type": "collection",
          "settings": {
            "collection": "women",
            "collection_title": "Women"
          }
        },
        "2363b965-b170-4eef-beda-9fcbd426bb8a": {
          "type": "collection",
          "settings": {
            "collection": "men",
            "collection_title": "Men"
          }
        },
        "3cf3b5de-76cf-4462-96cd-12be5d86bd88": {
          "type": "collection",
          "settings": {
            "collection": "accessories",
            "collection_title": "Accessories"
          }
        },
        "23753dbb-bdea-49f5-9599-1356f824405e": {
          "type": "collection",
          "settings": {
            "collection": "shoes",
            "collection_title": "Footwear"
          }
        },
        "0c6c4144-65af-4492-9e04-c54bb9533523": {
          "type": "collection",
          "settings": {
            "collection": "default",
            "collection_title": "Tops"
          }
        },
        "3819762b-01e1-42a2-9ff2-3a58b005b4a6": {
          "type": "collection",
          "settings": {
            "collection": "sale",
            "collection_title": "Sale"
          }
        }
      },
      "block_order": [
        "8b8e32c0-23d6-4b50-9356-1f707380d72f",
        "2363b965-b170-4eef-beda-9fcbd426bb8a",
        "3cf3b5de-76cf-4462-96cd-12be5d86bd88",
        "23753dbb-bdea-49f5-9599-1356f824405e",
        "0c6c4144-65af-4492-9e04-c54bb9533523",
        "3819762b-01e1-42a2-9ff2-3a58b005b4a6"
      ],
      "settings": {
        "cat_design": "2",
        "title_cl": "#ffffff",
        "title_cl_hover": "#222222",
        "subtitle_cl": "#222222",
        "count_cl": "#222222",
        "border_cl": "#e5e5e5",
        "display_type": "all",
        "limit": 50,
        "layout_des": "1",
        "col_dk": "3",
        "col_tb": "3",
        "col_mb": "2",
        "space_h_item": "30",
        "space_v_item": "30",
        "space_h_item_mb": "10",
        "space_v_item_mb": "10",
        "space_bottom": 15,
        "space_bottom_mb": 15,
        "border": false,
        "item_pd": 0,
        "item_rd": 0,
        "img_effect": "zoom",
        "b_effect": "none",
        "image_ratio": "t4s_ratio1_1",
        "image_size": "t4s_cover",
        "image_position": "t4s_position_8",
        "use_pagination": "load-more",
        "enable_bar_lm": true,
        "btn_icon": false,
        "button_style": "default",
        "btns_size": "large",
        "btns_cl": "primary",
        "button_effect": "fade",
        "btn_pos": "t4s-text-center",
        "pr_txt": "products",
        "layout": "t4s-container-wrap",
        "cl_bg": "",
        "cl_bg_gradient": "",
        "mg": ",,80px,",
        "pd": "",
        "mg_tb": "",
        "pd_tb": "",
        "mg_mb": ",,50px,",
        "pd_mb": ""
      }
    }
  },
  "order": [
    "heading",
    "main"
  ]
}
