{
  "sections": {
    "heading": {
      "type": "heading-template",
      "settings": {}
    },
    "main": {
      "type": "main-page",
      "settings": {
        "layout": "t4s-container-wrap",
        "cl_bg": "",
        "cl_bg_gradient": "",
        "mg": "60px,,60px,",
        "pd": "",
        "mg_mb": ",,30px,",
        "pd_mb": ""
      }
    },
    "1648874226829fc9d5": {
      "type": "main-pagebrands",
      "settings": {
        "options": "shop_vendor",
        "link_list": "",
        "layout": "t4s-container-wrap",
        "cl_bg": "",
        "cl_bg_gradient": "",
        "mg": "50px,,50px,",
        "pd": "",
        "mg_mb": "30px,,30px,",
        "pd_mb": ""
      }
    },
    "1648874260ff994be8": {
      "type": "timeline",
      "blocks": {
        "1648874260ddee2fe4-0": {
          "type": "timeline",
          "settings": {
            "img_pos": "left",
            "image_ratio": "ratioadapt",
            "image_position": "8",
            "image_size": "cover",
            "step_label": "1999",
            "sub_heading": "Condimentum fames egestas ad potenti",
            "heading": "Lementum musat dignissim",
            "description": "<p>Lorem Ipsum is simply dummy text of the printing and typesetting industry. Lorem Ipsum has been the industry's standard dummy text ever since the 1500s.<\/p>",
            "url": "",
            "btn_label": "Read more",
            "btn_icon": false,
            "button_style": "default",
            "btn_size": "large",
            "btn_cl": "dark",
            "button_effect": "default"
          }
        },
        "e2d410c3-578f-4ba2-90a6-4d149c0b4a8a": {
          "type": "timeline",
          "settings": {
            "img_pos": "right",
            "image_ratio": "ratioadapt",
            "image_position": "8",
            "image_size": "cover",
            "step_label": "2000",
            "sub_heading": "Condimentum fames egestas ad potenti",
            "heading": "Lementum musat dignissim",
            "description": "<p>Lorem Ipsum is simply dummy text of the printing and typesetting industry. Lorem Ipsum has been the industry's standard dummy text ever since the 1500s.<\/p>",
            "url": "",
            "btn_label": "Read more",
            "btn_icon": false,
            "button_style": "default",
            "btn_size": "large",
            "btn_cl": "dark",
            "button_effect": "default"
          }
        }
      },
      "block_order": [
        "1648874260ddee2fe4-0",
        "e2d410c3-578f-4ba2-90a6-4d149c0b4a8a"
      ],
      "settings": {
        "design_heading": "1",
        "heading_align": "t4s-text-center",
        "top_heading": "",
        "icon_heading": "las la-gem",
        "top_subheading": "",
        "tophead_mb": 30,
        "line_style": "dashed",
        "enable_shadow": false,
        "layout": "t4s-container-wrap",
        "cl_bg": "",
        "cl_bg_gradient": "",
        "mg": ",,50px,",
        "pd": "",
        "mg_mb": ",,30px,",
        "pd_mb": "",
        "use_cus_css": false,
        "code_cus_css": ".SectionID {\nbackground-color:red\n}"
      }
    }
  },
  "order": [
    "heading",
    "main",
    "1648874226829fc9d5",
    "1648874260ff994be8"
  ]
}
