{"sections":{"breadcrumb":{"type":"brc-nav-product","settings":{"back_next_pr":true,"cl_bg":"#f6f6f6","cl_link":"#222222"}},"main":{"type":"main-product","blocks":{"title":{"type":"title","settings":{"txt_tr_pr":"none","fnt_df_pr":"1","size_pr":24,"fw_pr":500,"lh_pr":0,"ls_pr":0,"pr_title_color":"#5f5f5f"}},"price_review":{"type":"price_review","settings":{"price":"0","type_sale":"0","tax_ship":false,"rating":true,"review_liquid":"","size_price_pr":22,"fw_price_pr":400,"price_color":"#696969","price_sale_color":"#222222"}},"custom_liquid_6ytLqx":{"type":"custom_liquid","disabled":true,"settings":{"custom_liquid":"<!DOCTYPE html>\n<html lang=\"en\">\n<head>\n    <meta charset=\"UTF-8\">\n    <meta name=\"viewport\" content=\"width=device-width, initial-scale=1.0\">\n    <title>Luxury Golden Button<\/title>\n<\/head>\n<body>\n    \n    <button style=\"\n        background: linear-gradient(135deg, #FFD700, #CFAF50);\n        color: black;\n        font-size: 18px;\n        font-weight: bold;\n        padding: 6px 30px;\n        border: none;\n        border-radius: 25px;\n        cursor: pointer;\n        text-transform: uppercase;\n        box-shadow: 0 4px 15px rgba(255, 215, 0, 0.4);\n        transition: all 0.3s ease-in-out;\n    \" \n    onmouseover=\"this.style.boxShadow='0 6px 20px rgba(255, 215, 0, 0.6)'; this.style.transform='scale(1.05)';\"\n    onmouseout=\"this.style.boxShadow='0 4px 15px rgba(255, 215, 0, 0.4)'; this.style.transform='scale(1)';\">\n        inspierd by Dubai perfumes \n    <\/button>\n    \n<\/body>\n<\/html>"}},"form":{"type":"form","settings":{"selector_mode":"circle","color_mode":"color is-sw-cl__round","enable_fit_ratio_img":false,"color_size":"large","show_qty":true,"enable_wishlist":true,"enable_compare":true,"btn_atc_full":false,"pr_btn_round":40,"ani":"t4s-ani-bounce","time":6,"btn_txt":"3","btn_icon":true,"button_style":"default","button_color":"dark","button_effect":"fade","wishlist_color":"#222222","wishlist_color_hover":"#56cfe1","wishlist_color_active":"#e81e1e","compare_color":"#222222","compare_color_hover":"#56cfe1","compare_color_active":"#222222","show_dynamic_checkout":true,"btn_txt2":"3","button_color_payment":"dark","show_gift_card_recipient":true,"product_list":[],"show_product_current":true,"qty_val":"0","advance_label":"Choose style","advance_pr_list":[]}},"description":{"type":"description","settings":{"des":"1","text":"{{ product.description }}","readm":false,"length":31,"readm_txt":"Read more"}},"23551ebc-3be1-40d6-81b2-30f03478cccb":{"type":"img","disabled":true,"settings":{"al":"start","mess":"","size":16,"source":"1","wimg":70,"svg":"amazon_payments,american_express,apple_pay,bitcoin,dankort,diners_club,discover,dogecoin,dwolla,forbrugsforeningen,interac,google_pay,jcb,klarna,klarna-pay-later,litecoin,maestro,master,paypal,shopify_pay,sofort,visa","height":11}},"size_delivery_ask":{"type":"size_delivery_ask","disabled":true,"settings":{"size_chart":"3","pos_sizeg":"1","sc_type":"1","page":"size-chart","size_ck":"","delivery":true,"page_dr":"delivery-return","ask":true,"phone":true}},"meta":{"type":"meta","disabled":true,"settings":{"show_options":false,"show_vendor":false,"show_type":false,"show_sku":true,"show_barcode":false,"show_available":true,"show_category":true,"show_tags":true}},"95d4f334-8ea7-4cd2-b609-2373b1e848b8":{"type":"tab_des","disabled":true,"settings":{"title":"Description"}},"e36839f5-0847-44e2-97d3-2885597bd1ff":{"type":"tab_add","settings":{"title":"Additional Information"}},"754ad4a0-7308-4a3e-b325-e2f2c0b85d4c":{"type":"tab_html","settings":{"title":"Custom tab","content":"","page":"wash-care"}},"56e67368-7424-4d73-8f14-dacdda4c59be":{"type":"tab_rivui","disabled":true,"settings":{"title":"Reviews","review_liquid":""}},"94011ade-ec25-4d68-b37a-70660ede49dd":{"type":"social","disabled":true,"settings":{"socials_align":"start","social_mode":"2","social_style":"1","social_size":"extra_small","bd_radius":0,"use_color_set":true,"icon_cl":"#222222","bg_cl":"#00badb","space_h_item":"20","space_v_item":"5","space_h_item_mb":"20","space_v_item_mb":"4"}},"bded529b-9b8f-4d5c-8f04-5de0b22e627d":{"type":"tab_html","disabled":true,"settings":{"title":"Collapsible tab","content":"","page":""}},"variant_descriptions_description_pErYc7":{"type":"shopify:\/\/apps\/variant-descriptions\/blocks\/description\/23514619-b4d1-428b-952f-d533fb59f56f","disabled":true,"settings":{}},"judge_me_reviews_preview_badge_V4hitp":{"type":"shopify:\/\/apps\/judge-me-reviews\/blocks\/preview_badge\/61ccd3b1-a9f2-4160-9fe9-4fec8413e5d8","settings":{}}},"block_order":["title","price_review","custom_liquid_6ytLqx","form","description","23551ebc-3be1-40d6-81b2-30f03478cccb","size_delivery_ask","meta","95d4f334-8ea7-4cd2-b609-2373b1e848b8","e36839f5-0847-44e2-97d3-2885597bd1ff","754ad4a0-7308-4a3e-b325-e2f2c0b85d4c","56e67368-7424-4d73-8f14-dacdda4c59be","94011ade-ec25-4d68-b37a-70660ede49dd","bded529b-9b8f-4d5c-8f04-5de0b22e627d","variant_descriptions_description_pErYc7","judge_me_reviews_preview_badge_V4hitp"],"settings":{"pr_layout":"default","enable_sticky_info":true,"media_layout":"combined_grid","media_size":"medium","thumb_lr_size":"medium","image_ratio":"ratio1_1","image_size":"cover","image_position":"8","main_click":"zoom","zoom_tp":"external","enable_zoom_icon":true,"enable_zoom_click_mb":true,"enable_video_looping":false,"enable_video_muting":true,"enable_video_autoplaying":true,"eff":"slide","nav_btn":true,"btn_vi":"always","btn_owl":"outline","btn_shape":"round","btn_cl":"dark","btn_size":"large","btn_hidden_mobile":false,"nav_dot":false,"dot_owl":"default","dots_cl":"dark","dots_round":true,"dots_space":10,"dots_hidden_mobile":false,"tabs_design":"tab","tabs_design_mb":"tab","tabs_position":"external","enable_first_tab":false,"tabs_layout_fix":"full","bg":"#ffffff","bg_mb":"#ffffff","product_list":[],"sticky_mode":"2","sticky_show":"1","sticky_layout_mb":"minimal2","enable_select":true,"ani":"t4s-ani-shake","time":3}},"sidebar":{"type":"sidebar-product","blocks":{"f01b181b-62ee-4735-8e25-32cb71ccfaba":{"type":"category","settings":{"title_category":"Product Categories","cat_source":"1","cat_link_list":"","count":true}},"f65f464b-9487-43be-9c91-8688a098bb6f":{"type":"collection","settings":{"title_fea_pr":"Sale Products","collection":"frontpage","limit_pr":5,"image_ratio":"t4s_ratioadapt","image_size":"t4s_cover","image_position":"t4s_position_8"}},"83340bb8-58d2-4148-89e2-a4c7a01cf792":{"type":"instagram","settings":{"title_ins":"Instagram","mode":"2","acc":"","limit":12,"open_link":"_blank","round":0,"col_dk":"3","space_item":"6"}},"9ce9ded8-1cef-4e32-b98b-47364ffa328c":{"type":"shipping","settings":{"title":"Shipping & Delivery","shipping_1":"las la-truck,FREE SHIPPING,Free shipping for all US order","shipping_2":"las la-headset,SUPPORT 24\/7,We support 24 hours a day","shipping_3":"las la-exchange-alt,30 DAYS RETURN,You have 30 days to return","shipping_4":"","shipping_5":"","shipping_6":""}},"4a9c6ae8-f3b4-4192-a6d1-82d01670bce6":{"type":"image","settings":{"b_link":"","open_link":"_self","img_effect":"none","date":"2022\/12\/26","content_align":"center","cdt_des":"2","countdown_pos":"2","cdt_size":"medium","box_bdr":0,"bd_width":0,"space_item":10,"number_cl":"#ffffff","text_cl":"#ffffff","border_cl":"#000000","bg_cl":"#000000"}}},"block_order":["f01b181b-62ee-4735-8e25-32cb71ccfaba","f65f464b-9487-43be-9c91-8688a098bb6f","83340bb8-58d2-4148-89e2-a4c7a01cf792","9ce9ded8-1cef-4e32-b98b-47364ffa328c","4a9c6ae8-f3b4-4192-a6d1-82d01670bce6"],"disabled":true,"settings":{"enable_drawer":true,"space":50,"size":"medium","br_style":"none","brcolor":"#222222","sidebar_bdr":5,"sidebar_pd":10}},"product-recommendations":{"type":"product-recommendations","settings":{"show":true,"design_heading":"1","heading_align":"t4s-text-center","top_heading":"You may also like","icon_heading":"las la-gem","top_subheading":"","tophead_mb":30,"product_des":"1","show_vendor":false,"use_cdt":false,"limit":12,"display_type":"4","image_ratio":"rationt","image_size":"nt_cover","image_position":"8","content_align":"default","col_dk":"4","col_tb":"2","col_mb":"2","space_h_item":"30","space_v_item":"30","space_h_item_mb":"10","space_v_item_mb":"10","layout_des":"2","loop":true,"au_time":0,"au_hover":true,"nav_btn":true,"btn_vi":"1","btn_owl":"outline","btn_shape":"round","btn_cl":"dark","btn_size":"small","btn_hidden_mobile":true,"nav_dot":false,"dot_owl":"1","dots_cl":"dark","dots_round":true,"dots_space":10,"dots_hidden_mobile":false,"layout":"t4s-container-wrap","cl_bg":"","cl_bg_gradient":"","mg":"75px,,50px,","pd":"","mg_tb":"","pd_tb":"","mg_mb":",,30px,","pd_mb":""}},"recently-viewed-products":{"type":"recently_viewed","settings":{"show":true,"design_heading":"1","heading_align":"t4s-text-center","top_heading":"Recently viewed products","icon_heading":"las la-gem","top_subheading":"","tophead_mb":30,"product_des":"1","show_vendor":false,"use_cdt":false,"limit":14,"sortby":"1","unavailable_prs":"show","image_ratio":"rationt","image_size":"cover","image_position":"8","content_align":"default","col_dk":"4","col_tb":"2","col_mb":"2","space_h_item":"30","space_v_item":"30","space_h_item_mb":"10","space_v_item_mb":"10","layout_des":"2","loop":true,"au_time":0,"au_hover":true,"nav_btn":true,"btn_vi":"always","btn_owl":"outline","btn_shape":"round","btn_cl":"dark","btn_size":"small","btn_hidden_mobile":true,"nav_dot":false,"dot_owl":"default","dots_cl":"dark","dots_round":true,"dots_space":10,"dots_hidden_mobile":false,"layout":"t4s-container-wrap","cl_bg":"","cl_bg_gradient":"","mg":"75px,,50px,","pd":"","mg_tb":"","pd_tb":"","mg_mb":",,30px,","pd_mb":""}},"1751851833fca7cf0b":{"type":"apps","blocks":{"judge_me_reviews_review_widget_VDnNee":{"type":"shopify:\/\/apps\/judge-me-reviews\/blocks\/review_widget\/61ccd3b1-a9f2-4160-9fe9-4fec8413e5d8","settings":{}}},"block_order":["judge_me_reviews_review_widget_VDnNee"],"settings":{}}},"order":["breadcrumb","main","sidebar","product-recommendations","recently-viewed-products","1751851833fca7cf0b"]}